id,artist,title,bpm,key,deezer_id,status,rt_bpm,rt_conf,tcnn_bpm,key_edma,keystr_edma,key_shaath,keystr_shaath,key_kf,err
205200,SPF 50,The Rush,138,1A,3300835361,ok,138.12,3.77,138.0,1A,0.517,1A,0.501,7A,
141240,Leila Samir,Ends,120,8B,1472364362,ok,119.86,3.13,120.0,9A,0.851,9A,0.78,9A,
15239,Brunello,Melted (Dusty Clown Mix),125,7A,3530713021,ok,124.92,3.29,125.0,7A,0.902,7A,0.851,7A,
67187,ex.sses,sanguine,136,9A,3019134761,ok,136.01,1.12,136.0,8B,0.648,8B,0.694,4A,
192637,Charlie Rice,Time To Slide,65,8A,3968663351,ok,65.49,1.93,131.0,7B,0.546,7A,0.577,8A,
221853,Petar Dundov,Quinta,123,10B,14849850,ok,123.05,3.91,123.0,10B,0.941,10B,0.822,7A,
188154,"Joe Armon-Jones, Maxwell Owin",Idiom (feat. Oscar Jerome),145,9A,2960397191,ok,109.47,0.39,81.0,9A,0.937,9A,0.897,9A,
154509,Bigwig,Moc Paproci,143,1B,6432897,ok,143.2,3.08,143.0,10A,0.775,1B,0.705,10A,
102751,Made By Pete,Horizon Red (Extended),122,9B,2197505957,ok,122.05,3.93,122.0,10B,0.68,10B,0.672,6A,
202308,SOLI (EG),Give Me Your Mind,125,1B,2440156665,ok,124.98,2.81,125.0,1B,0.857,1B,0.794,10A,
93488,Carré,Meltdown (dBridge Remix),119,4A,3388726281,ok,80.1,3.84,160.0,4A,0.858,4A,0.724,5A,
125388,Vesy,Mia (Original Mix),122,8A,1185519822,ok,121.95,3.9,122.0,8A,0.916,8A,0.903,12A,
229336,Progreg,Deep Harmony (Absolution Remix),122,9A,112999938,ok,122.54,3.85,122.0,9A,0.968,9A,0.882,9A,
76261,Björk,I Go Humble,133,11B,2629551382,ok,104.55,1.22,144.0,11A,0.676,11A,0.699,11B,
170116,Seth Hills,Eclipse,126,6B,2343992105,ok,166.62,2.16,126.0,3A,0.848,6B,0.754,3A,
74123,K2W0,Bodies & Floor,108,8B,2251122607,ok,108.02,3.24,108.0,5A,0.934,5A,0.817,8B,
113064,Distance,Taipan (Original Mix),138,1A,768636702,ok,139.96,3.07,140.0,3B,0.412,3A,0.505,3A,
18769,Tony Esposito,Kalimba de Luna,127,7A,3555747,ok,110.64,3.57,111.0,7A,0.925,7A,0.878,7A,
207915,The Golden Filter,Cut My Hair,119,7B,603085102,ok,119.05,3.77,119.0,7B,0.895,7B,0.84,4A,
44999,STUCKINWAVEFORMS,choose your weapons!,155,7A,3916508671,ok,102.98,1.19,155.0,7A,0.722,7A,0.793,1A,
155405,The Church,The Unguarded Moment (2002 Remastered),97,8B,7272400,ok,135.53,3.35,136.0,8B,0.959,8B,0.942,8B,
240239,Underworld,Another Silent Way,125,6B,1077059062,ok,124.98,3.5,125.0,4A,0.497,4A,0.591,4A,
60704,Autarkic,A Number by I. Grosz,121,12B,1384375042,ok,120.99,3.95,121.0,12B,0.834,12B,0.809,12B,
81453,james K & Yushh,Idea.2 (Yushh Remix),125,12B,3981626011,ok,125.02,1.75,125.0,10A,0.856,11A,0.789,10A,
109769,Tommy Vicari Jnr,U May Not,122,2A,3136615101,ok,122.03,3.7,122.0,2A,0.727,3B,0.714,2A,
176421,Little Simz (feat. Obongjayar),Lion,100,5A,3395725621,ok,100.15,2.85,100.0,5A,0.932,5A,0.927,5A,
61228,King Midas Sound,Without You (D-Bridge Revoice),70,1A,14151699,ok,140.23,1.21,70.0,3A,0.62,3A,0.526,1A,
1098,Eddie Fowlkes,That's What I Think About,123,6B,3155917751,ok,124.05,3.88,124.0,3A,0.913,3A,0.796,3A,
225845,Delroy Edwards,Snake Eyes,120,8A,3149559661,ok,119.91,3.77,120.0,8B,0.502,8B,0.539,8B,
77742,Abul Mogard,Quiet Dreams,149,1B,3286018121,ok,155.14,0.28,30.0,1A,0.701,1A,0.695,1A,
87127,The Braxtons,The Boss (Masters At Work Dub),124,10A,912437672,ok,123.91,3.84,124.0,10B,0.763,10B,0.775,10A,
159437,Kate Bush,Waking The Witch,154,1B,2173954757,ok,104.03,0.37,70.0,12B,0.818,12B,0.898,12B,
218725,Roberto Ribeiro,Acreditar,100,5B,18231476,ok,85.91,2.6,86.0,8B,0.846,8B,0.918,9A,
19272,Clubland,Let's Get Busy (Original East End Goes North Mix),122,8A,718465662,ok,121.38,3.75,122.0,8B,0.509,8B,0.536,9A,
59397,D.O.D,So Much In Love (Sub Focus Remix),88,9B,2357433245,ok,116.63,2.89,88.0,10B,0.752,10B,0.829,11A,
228338,David Guetta,Shot Me Down (feat. Skylar Grey) (Radio Edit),102,4A,74457141,ok,128.54,2.2,128.0,4A,0.853,4A,0.832,1A,
192654,Maetrik,Choose Your System,126,12A,63485896,ok,125.95,3.75,126.0,1A,0.7,1A,0.707,9A,
139522,Tyke,Tell Me,130,7B,2124383917,ok,71.54,1.18,155.0,3A,0.932,3A,0.864,3A,
84095,Nightmares On Wax,Back to Nature,93,7A,511108972,ok,149.05,3.34,149.0,7A,0.865,7A,0.934,7A,
160662,Rebekah Del Rio,No Stars,120,5B,386560841,ok,79.11,1.93,79.0,5B,0.787,5B,0.892,5B,
74098,Michael Gray,Beautiful (Original Mix),126,10B,4002834621,ok,122.43,3.0,122.0,10B,0.803,10B,0.834,10A,
57389,Jeffrey Silverstein,Sunny Jean,120,6B,3938039321,ok,120.25,3.4,121.0,5A,0.795,5A,0.826,5A,
89269,OT Quartet,Hold That Sucker Down (Builds Like a Skyscraper Mix),129,10A,1138588942,ok,129.04,3.96,129.0,9A,0.826,9A,0.838,9A,
23200,Phasic 18,Value,137,11A,3078406581,ok,136.68,3.2,137.0,11A,0.414,8B,0.389,7A,
19083,A Guy Called Gerald,Voodoo Ray (Rham On Acid '89 Remix),120,11B,4052864831,ok,121.35,3.7,121.0,8A,0.808,8A,0.749,8A,
124876,Peter Van Hoesen,Circumference 12,128,7A,394843822,ok,128.03,3.76,128.0,7A,0.699,7A,0.773,11A,
3395,Rank 1,Symfo (Sunrise Festival Theme 2009) (Radio Edit),126,4B,74493620,ok,131.8,2.3,132.0,2A,0.781,2A,0.705,6B,
233975,Anja Schneider,Squelch,132,6A,3494417351,ok,132.05,3.83,132.0,9B,0.71,9B,0.689,6A,
123727,The Electric Prunes,Holy Are You,73,9A,753139,ok,152.26,3.11,76.0,9A,0.87,9A,0.792,9A,
192734,Lowtec,Coldred,122,7B,2204097697,ok,121.96,3.48,122.0,12B,0.666,12B,0.666,2A,
239496,DJ Zinc,Super Sharp Shooter (Zed Bias Remix),88,1A,3327627471,ok,129.81,1.79,131.0,8A,0.642,8A,0.756,8A,
4116,Adlas,Active Effort,139,7A,3592004582,ok,139.05,3.48,139.0,7B,0.608,7B,0.661,6A,
88597,Eitan Reiter,Pump Up The Jam (DJ T. Remix - Mixed - April 2023),126,8B,2226674187,ok,125.97,3.62,126.0,8B,0.934,8B,0.902,8A,
68814,Rafman,Dimelo,105,12B,3250584441,ok,122.15,2.45,122.0,8A,0.838,8A,0.803,8A,
200976,"Space Motion, Stylo, Joezi",Mambo Jambo,122,5A,2514514181,ok,121.99,3.74,122.0,11A,0.289,11A,0.275,6A,
127596,"Crosby, Stills & Nash",Fair Game,86,9B,6030552,ok,85.0,2.67,85.0,9B,0.91,9B,0.818,9B,
54542,Plug,Who's In The House,83,11A,3990385441,ok,110.65,1.9,166.0,10B,0.616,10B,0.58,6A,
188123,T99,Anasthasia 2016 (Out Of History Extended Rework),104,7A,133596178,ok,127.98,3.44,128.0,8B,0.74,8B,0.743,9A,
88165,"FBC, VHOOR",Delírios (Instrumental),130,2A,1576031172,ok,130.04,2.59,130.0,2A,0.9,2A,0.766,2A,
195048,DJ Soul Slinger,Abducted (T-Power Rmx),147,6A,775625402,ok,111.96,1.78,166.0,5A,0.74,5A,0.804,5B,
10455,FFF,Too Shallow,83,1B,3935480531,ok,82.37,3.64,83.0,3B,0.298,4B,0.267,8A,
98010,Inox Traxx,Free,138,9A,3248223031,ok,138.08,2.87,138.0,9A,0.791,9A,0.832,8A,
211733,Jad Atoui,Reaching Heart,143,5A,4033945851,ok,101.72,0.3,30.0,5A,0.59,5A,0.579,5A,
14248,The Streets,It's Too Late (feat. Jacqueline Rawe),65,6B,2140406,ok,130.01,2.55,130.0,6B,0.839,6B,0.919,6B,
144426,Discovery Zone,Library Copy Do Not Remove,83,7B,3820792561,ok,83.05,1.52,83.0,7B,0.91,7B,0.863,7B,
147781,Throwing Muses,Vicky's Box,131,8A,13394906,ok,130.28,3.26,131.0,8A,0.833,8A,0.904,8A,
183836,Parallx,Smokey Nagata Supra [Drift On Acid],143,5A,2774908081,ok,143.0,1.67,143.0,10B,0.333,2B,0.301,11A,
217861,Digby & Oliver,Seven Stones,127,7A,1344664842,ok,126.63,2.59,128.0,8B,0.691,8B,0.684,11A,
173740,MINUS 8,Runaway - Tweak's Dark Soul Version,123,11A,892780202,ok,123.16,3.22,123.0,11A,0.874,11A,0.836,10A,
43441,Angela,I Gotta Little Love,109,12B,716244682,ok,108.45,3.43,109.0,9A,0.883,9A,0.776,9A,
64286,Masterkraft,Mufasa,96,4A,3997751071,ok,113.89,3.77,114.0,3A,0.928,3A,0.833,3A,
11950,Tom Baker,Train To Yakkyn (Extended Mix),125,4B,2273757707,ok,125.09,2.88,125.0,1A,0.888,1A,0.888,1A,
158737,Mario Lucio,Tema Di Minis (Daniel Haaksman Edit),115,6A,3786279212,ok,114.9,3.17,115.0,6A,0.959,6A,0.867,6A,
102300,Florian T M Zeisig,TG10,123,5A,3399011201,ok,154.83,0.38,155.0,5A,0.942,5A,0.889,5A,
30585,rRoxymore,Am I Human?,121,4A,3329224711,ok,121.73,3.66,121.0,4A,0.923,4A,0.948,4A,
3133,4 Strings,Take Me Away (Vocal Radio Mix),140,2A,572802522,ok,138.26,2.56,138.0,2A,0.789,2A,0.894,2B,
208706,Magupi,Achha,100,5A,1576643222,ok,99.96,2.65,100.0,5A,0.81,5A,0.763,5A,
44013,T&NE RECORDS,Children's Railway,142,11B,3393557051,ok,141.98,3.61,142.0,8A,0.941,8A,0.865,8A,
13697,"Swanky Tunes, Shapo",Favela (Extended Mix),120,8A,3619857142,ok,119.96,3.58,120.0,8A,0.759,8A,0.883,8B,
206648,Vadon,Slow Down,124,2B,3897874901,ok,123.57,1.82,124.0,11A,0.868,2B,0.783,11A,
75955,Stimming,22 Degree Halo,73,4A,2653045722,ok,121.02,3.75,121.0,4A,0.834,4A,0.734,4A,
34657,Vampire Sex,Disco Party Baby (Original Mix),127,6B,2204567777,ok,127.01,3.7,127.0,6B,0.698,6B,0.649,3A,
168833,Jack Fresia,Nawa,138,8A,2223597457,ok,137.97,3.26,138.0,8A,0.402,8A,0.493,8A,
185397,SPD,Made of Glass,134,3A,3893938041,ok,133.88,2.04,134.0,4A,0.7,4A,0.697,11A,
156254,Norman Connors,Anyway You Want,98,9B,370999701,ok,97.61,2.85,98.0,9A,0.832,9A,0.837,10A,
93892,Jamiroquai,Cosmic Girl (Dimitri from Paris Remix),120,12B,1095925822,ok,119.96,1.87,120.0,11A,0.869,11A,0.761,1B,
220713,Restless Soul Feat. Shea Soul,Turn Me Out (Version),108,7A,480595952,ok,108.03,3.98,108.0,7A,0.603,7A,0.626,7A,
205112,Jak Stratford,El Groove,138,3A,3094227971,ok,138.03,3.61,138.0,3A,0.828,3A,0.744,3A,
177314,HAFT,Avalanche,122,6A,3693827062,ok,122.28,3.79,122.0,6A,0.973,6A,0.939,6A,
116366,Gaelle,Rain,126,1A,12517160,ok,126.01,3.61,126.0,1A,0.924,1A,0.955,1A,
85178,Chungo,Quando,129,10A,4059149121,ok,128.64,1.87,129.0,10B,0.684,10B,0.662,6B,
135505,Heartthrob,Compu,125,8A,882733362,ok,125.05,3.58,125.0,7B,0.748,7B,0.738,1A,
196507,"Skitz, Buggsy, RSD",Born Inna System (RSD Remix),71,8A,901314222,ok,70.86,4.25,71.0,9B,0.61,9B,0.611,6A,
20634,Stephen Disario,The Marathon (Original Mix),142,3A,2120518297,ok,94.66,1.83,142.0,11A,0.355,11A,0.369,1A,
61461,Andre Zimmer,Kwon's Anthem,130,6B,3513165591,ok,129.51,3.87,130.0,6B,0.851,6B,0.787,6B,
16789,Die Selektion,Dir & Mir,110,9A,2191197437,ok,109.63,1.76,110.0,9A,0.897,9A,0.799,9A,
161248,lace,echo of a star,120,6B,3466042271,ok,120.05,3.04,120.0,7B,0.772,6B,0.829,6B,
192727,DJ Mayhem,Inesse,69,6A,2657527332,ok,94.63,0.38,155.0,6A,0.748,6A,0.724,6A,
200333,Asyncronous,Blocks Of Despair,108,7A,2206631757,ok,107.86,2.65,108.0,8B,0.664,8B,0.699,6A,
169412,Sandwell District,Surrender to the Unknown,130,4A,2252993477,ok,129.92,3.38,130.0,4A,0.913,4A,0.826,4A,
117217,Djavan,Estória De Cantador,90,7A,3442345,ok,101.03,2.98,100.0,9B,0.898,9B,0.923,9B,
149038,Inland Knights,Summer Now,126,9B,3535783011,ok,125.82,3.1,126.0,8B,0.761,8B,0.858,8A,
157518,"Kid Fonque, DJ Whisky",Be (feat. Zaki Ibrahim & Herbert) (Herbert's Truth Dub),123,6A,3274893871,ok,123.05,3.92,123.0,6A,0.436,8A,0.429,6A,
53657,Roach Motel,Wild Lu,124,12B,3156235841,ok,124.1,3.89,124.0,12A,0.355,12A,0.442,10A,
32737,Kreggo,Fugu Slap!,111,7A,3666752492,ok,133.11,3.3,133.0,8A,0.714,8A,0.702,11A,
127266,The Knightmen,Running (Running Original Mix),122,1A,3717590382,ok,124.05,3.22,124.0,10A,0.534,9A,0.498,10A,
14909,Chique,I Feel Good (Extended Mix),124,7B,3979418411,ok,123.93,3.25,124.0,7B,0.827,7B,0.762,7B,
82415,Sedat The Turkish Avenger,Feel Inside,131,9B,3594830752,ok,131.67,3.67,132.0,9B,0.83,9B,0.81,9A,
55395,Ben Böhmer,Martin,78,3B,2833595072,ok,116.49,1.49,116.0,3B,0.94,3B,0.94,3B,
160419,aya,heat death,140,3A,3186325391,ok,139.89,3.26,140.0,12A,0.343,3B,0.309,7A,
94240,Al Wootton,Midnight Paseo,132,5B,2863579792,ok,131.94,3.68,132.0,4B,0.583,4B,0.599,8A,
181683,"Footsie, Strategy",All Day Doin It,140,7A,3326890011,ok,69.96,3.06,146.0,5A,0.677,4A,0.633,11A,
106738,Stereo MC's,Creation,126,12A,2236540,ok,126.74,3.82,127.0,12A,0.86,3B,0.796,12A,
107723,Kool Moe Dee,I Go To Work,126,3B,633040,ok,125.83,2.93,125.0,11A,0.569,2B,0.547,3A,
161591,Oberst & Buchner,Freie Sicht feat. Acud,95,11B,1783885627,ok,95.02,4.19,95.0,11B,0.929,11B,0.819,11B,
239632,Bassvictim,Sometimes I believe in God (Sometimes I believe in Me),138,8B,3886358291,ok,136.46,0.98,138.0,7B,0.741,8A,0.868,8B,
77203,Dizzee Rascal,Jezebel (Instrumental),160,8A,567655852,ok,161.5,3.24,160.0,8B,0.683,8B,0.77,8A,
109644,"T-Puse, Club De Combat, Oi",Bounce (Extended Mix),126,1A,4007282291,ok,126.01,2.73,126.0,1A,0.616,4B,0.593,1A,
27322,And.Id,Thalassa,125,10B,2490800201,ok,125.0,3.71,125.0,10B,0.804,10B,0.785,10A,
13519,Father Sheed,Boom,129,10A,3813542582,ok,129.0,3.44,129.0,9A,0.873,9A,0.778,9A,
183883,Mssingno,Skeezers,68,6A,129386428,ok,136.44,2.6,137.0,6A,0.93,6A,0.84,6A,
150402,Angy Kore,Solar edge,132,7A,644353702,ok,130.55,2.36,132.0,8B,0.653,5A,0.543,5A,
100625,Split Decision Band,Watching Out,122,5B,484118132,ok,122.44,2.95,123.0,5A,0.783,5A,0.726,2A,
182261,Tatyana Ali,"Daydreamin', Pt. II",97,3B,103828716,ok,97.16,3.54,97.0,3B,0.746,3B,0.862,3A,
169153,The Mulder,I Take You Out To Space,126,11B,46221031,ok,125.9,2.64,126.0,12A,0.51,3B,0.461,2A,
94460,Kangding Ray,Voli,140,2A,3013959311,ok,139.9,2.6,140.0,2A,0.793,2A,0.703,2A,
78634,Furyan,Lost (Endymion Remix),150,2B,3462945991,ok,150.1,2.11,150.0,2B,0.905,2B,0.807,11A,
118525,Daniel Hokum,Throught the Past,110,2A,3325578791,ok,109.97,3.75,110.0,2A,0.89,2A,0.948,2A,
103060,Jovonn,Takin It Blaque,123,10A,592351032,ok,123.07,3.34,123.0,1B,0.87,1B,0.797,10A,
242108,Jude Lenihan,Get Connected,129,4A,3334004791,ok,129.0,2.64,129.0,4A,0.823,4A,0.725,4A,
165593,Leon Vynehall,Black Dove,130,4A,2245689477,ok,128.84,1.99,130.0,7B,0.797,7B,0.751,4A,
112778,Uma Scheffer,Persevera (Original Mix),130,9B,3183796811,ok,129.99,3.68,130.0,9B,0.382,5B,0.407,9A,
68984,Peryl,Form 03,132,11A,3889522191,ok,131.97,3.81,132.0,5A,0.393,5A,0.411,5A,
115222,LAAVA,Wherever You Are (I Feel Love) (Dance Edit) (Dance Edit),138,5B,638962692,ok,137.72,3.62,138.0,5A,0.751,5B,0.859,6A,
115200,The-Dream,Mr. Yeah,130,3B,392432972,ok,129.89,2.93,130.0,3B,0.81,3B,0.89,4B,
212125,Format:B,Coltrane (Kolombo Remix),125,2B,1424283862,ok,125.01,3.91,125.0,2B,0.912,2B,0.848,11A,
85987,Basement Jaxx,325,130,6B,2197241667,ok,129.83,3.89,130.0,8A,0.528,11B,0.481,3A,
114109,MR GENTLE,Wave Energy,142,10B,970563922,ok,71.0,2.59,142.0,8A,0.7,8A,0.622,8A,
34277,"DJ Spen, The MuthaFunkaz",Gotta Hold On Me (Vocal Mix),125,8A,3482381051,ok,125.03,3.75,125.0,8A,0.855,8A,0.791,8A,
129417,Jabba 2.3,Shining,125,11B,3836372011,ok,124.92,3.73,125.0,11B,0.901,11B,0.856,11B,
89988,"Jay Music, CalebX, Moonchild Sanelly",Bass Buster,140,5B,3625817282,ok,112.67,1.09,114.0,5B,0.946,5B,0.927,5B,
77140,TAMA,Solar Wind,104,9A,4013692461,ok,125.08,0.53,30.0,8B,0.789,8B,0.827,8B,
72751,Siu Mata,Pannotia,107,8A,2498042091,ok,143.43,1.09,143.0,8A,0.561,8B,0.562,9A,
61788,Marc DePulse,Rabimmel,127,9A,3768350182,ok,127.12,3.56,127.0,9A,0.896,9A,0.81,9A,
138290,Geo Rip,BB,125,7B,825284512,ok,124.17,3.74,125.0,7B,0.843,7B,0.825,6A,
101391,Rhythm II Rhythm,A Touch Of Jazz (Lifestyles Of The Rich mix),127,5A,74446881,ok,126.76,3.66,127.0,5A,0.93,5A,0.812,5A,
142532,"David Penn, KPD",Disc-Jockey,123,1A,1384529112,ok,123.0,3.94,123.0,6A,0.589,6A,0.487,6A,
116626,Zombie Nation,Bass Kaput,130,7A,7300174,ok,129.65,3.38,130.0,8B,0.723,8B,0.804,9A,
233594,Parliament,Together,104,10A,1563498,ok,103.5,3.53,104.0,10A,0.74,10B,0.85,11B,
16665,J.T.C.,The Controller (Original Mix),135,6A,3989009791,ok,73.09,1.05,146.0,12A,0.777,3B,0.709,3B,
223822,Arnaud Le Texier,Middle,142,7A,2278042457,ok,141.98,3.65,142.0,11B,0.76,11B,0.809,1A,
9621,Maxim Lany,Noise,128,2B,3927197471,ok,127.96,3.73,128.0,2B,0.891,2B,0.825,11A,
166863,Bonobo,Silver,111,11A,3687502902,ok,110.77,3.47,111.0,11A,0.711,11A,0.72,11A,
111596,Kaygo Soul,Afterglow,123,8A,3735752652,ok,122.99,2.9,123.0,8A,0.825,8A,0.81,8A,
98351,LUCRE,Without Exception,142,11A,3884157551,ok,71.3,4.19,143.0,1A,0.508,1A,0.47,9A,
21055,Blawan,Lox,140,8A,774356962,ok,140.02,2.32,140.0,8A,0.528,8A,0.568,9A,
131173,Judie Tzuke,This Side Of Heaven (Live),158,9A,128888832,ok,161.5,3.47,159.0,9A,0.86,9A,0.94,9B,
194000,Zerb,Mwaki (&friends Remix),120,6A,2672219342,ok,119.99,1.22,120.0,6A,0.886,6A,0.811,6A,
21507,Stef Mendesidis,License To Fly,145,8A,3305885931,ok,144.64,3.77,145.0,8A,0.921,8A,0.957,8A,
228268,Michael Henderson,Make Me Feel Better,94,11B,102535186,ok,94.65,3.63,95.0,8A,0.891,8A,0.842,8A,
233219,Faze Action,Vamos Pintar (Max Essa Extended Club Mix),121,5B,423818532,ok,121.09,3.68,121.0,2A,0.865,2A,0.812,2A,
136614,Da Sunlounge & Inland Knights,All Good,125,11B,75411663,ok,124.16,3.8,125.0,11B,0.807,11B,0.698,9A,
100733,Soft Rocks,Obo (Tiago's ESP Disk Mix),100,9A,2197758537,ok,162.54,0.42,155.0,8B,0.565,8B,0.659,11A,
41271,Seleccion Natural,Necton (Original mix),130,5A,552837922,ok,129.96,3.33,130.0,7B,0.542,7B,0.474,11A,
112653,Enigma Trax,A Clock That Ticks But Keeps No Time,134,6A,3761235872,ok,135.33,3.78,134.0,4B,0.39,4B,0.458,6A,
158177,Daniel Steinberg,Free Living (Extended),127,6A,3849612241,ok,128.15,3.76,127.0,6A,0.94,6A,0.949,6A,
207482,Spiritchaser,Yesterday's Gone (Tomorrow's Dub),124,12A,1250945722,ok,123.99,3.83,0.0,2A,0.646,2A,0.577,9A,
164519,Copini,Parallel Universe,126,9B,2825801422,ok,126.29,2.03,126.0,9B,0.891,9B,0.807,6A,
236581,Om Unit,Prophecy,140,12B,2171007557,ok,140.04,3.35,140.0,12B,0.885,12B,0.814,9A,
6983,Pandhora,Metanoia,122,9A,743870022,ok,122.03,3.69,122.0,9A,0.898,9A,0.856,9A,
20245,"Black Gold, Black Gold",C'mon Stop,114,10A,67882495,ok,114.1,3.51,114.0,10A,0.971,10A,0.874,10A,
141342,Icewear Vezzo,What They Need (feat. Montana 700),91,10A,4086570381,ok,90.7,1.34,90.0,9B,0.737,9B,0.799,9B,
61593,Lady Blacktronika,Love Room,127,7B,558066582,ok,128.22,3.83,127.0,4A,0.696,7B,0.679,11A,
99609,Radio Slave,Wake Up (Idjut Boys 'Shed' Mix),120,3B,2528228371,ok,120.0,3.57,120.0,3B,0.95,3B,0.915,3B,
116796,Dionne Warwick,Land of Make Believe,96,10B,723787,ok,97.83,2.15,96.0,11B,0.745,10B,0.739,11B,
6940,Cara Elizabeth,Move Back,150,6B,3718045992,ok,150.35,2.63,150.0,3A,0.877,6B,0.744,6B,
32271,David Salow,Moving Too Fast,120,6A,3279213151,ok,119.99,3.77,120.0,6A,0.918,6A,0.802,6A,
213919,L'Amour Fou,The Last Call,93,7A,409078202,ok,122.27,3.47,122.0,7A,0.919,7A,0.962,7A,
216522,Upsilon,India,144,12A,2570999142,ok,143.62,2.55,144.0,4A,0.481,4A,0.527,12B,
28496,Yumi Matsutoya,We're All Free / Kage Ni Natte,101,7A,556751532,ok,86.11,4.13,86.0,7A,0.767,7B,0.828,7A,
137669,Dedekind Cut,"Das Expanded, Untitled Riff",156,8A,396107102,ok,155.25,0.81,81.0,8B,0.818,8B,0.907,8B,
28504,Joey Negro,Must Be The Music (Disco Boogie Xtravaganza Dub),121,12A,375945001,ok,120.95,3.43,121.0,12A,0.807,12A,0.76,1A,
124488,"Bruno Power, Greta Tedeschi",Get Down,135,5B,3111020791,ok,135.45,3.1,0.0,5B,0.72,5B,0.732,2A,
233382,Ivy Lab,Space War 169 (Instrumental),80,8A,2768235181,ok,80.06,2.38,161.0,4A,0.575,4A,0.604,4A,
226567,Susumu Yokota,Wani Natte (2025 Remastered),122,8B,3495273471,ok,152.31,0.63,118.0,8B,0.804,8B,0.775,5A,
14081,Ron Flatter,Mantequilla (Original Mix),119,7B,487736592,ok,118.51,3.46,119.0,7B,0.921,7B,0.846,6B,
60472,"CamelPhat, Riva Starr",Electricity (Original Mix),125,7A,842431552,ok,124.32,3.67,125.0,9A,0.778,9A,0.862,9A,
231055,Joann,The Ladies Gon Feel Me (Original Mix),152,2B,2372717365,ok,152.09,2.1,152.0,2B,0.573,3B,0.522,6A,
6179,Netsky,Come Alive,87,8A,3847541411,ok,172.27,3.36,173.0,8A,0.855,8A,0.902,8A,
157257,Carol Jiani,Vanity,132,6A,1908148,ok,132.57,3.84,132.0,6A,0.959,6A,0.95,6A,
111157,Michael Grald,Act Right (Original Mix),130,11B,3699008082,ok,129.64,3.6,130.0,8A,0.947,8A,0.916,8A,
214667,Reflex Blue,Tightening The Screw,131,9B,3234881991,ok,131.01,3.3,131.0,9B,0.519,9B,0.627,1A,
102580,innerinnerlife,you're always with me,94,1B,1822660267,ok,191.41,2.97,94.0,1A,0.821,1A,0.912,1B,
203387,Khotin,Alterac Acid,102,8A,2694462622,ok,101.93,2.74,102.0,8A,0.866,8A,0.774,10B,
24252,Mees Salomé,Mindstate (Extended Mix),123,9A,4045731691,ok,123.05,4.19,123.0,9A,0.943,9A,0.88,9A,
113653,Karaba,DiscoHaze,128,7B,3653643152,ok,128.08,3.66,128.0,4A,0.913,4A,0.783,5A,
215524,Krafty Kuts,Funky Ass Beats (Ed Solo Breakbeat Remix),138,4A,2028148657,ok,137.89,2.36,138.0,8B,0.556,8B,0.586,9A,
140103,Dubbing Sun,Humanipulating Web (feat. Warrior Queen),66,10A,3838493121,ok,131.94,2.9,132.0,9A,0.775,9A,0.738,9A,
107308,Mystry,Graveyard Shift,70,11B,125816091,ok,139.92,3.35,140.0,8A,0.494,8A,0.519,3A,
236154,MelodystiX,Feels Like,118,2A,4030054291,ok,118.03,3.64,118.0,2A,0.903,2A,0.949,2A,
26941,Ekolali,Totem Mollusca,107,10B,2767707551,ok,110.79,0.39,84.0,8A,0.85,8A,0.795,8A,
411,George Daniel,Chlorine,70,8A,3031233131,ok,139.83,2.03,140.0,7B,0.772,7B,0.83,7B,
19224,John Foxx and Nation 12,Listen To The Drummer,135,5A,4314622,ok,125.59,3.46,126.0,4A,0.641,7B,0.603,4A,
139493,Taavi,Excuses,130,7B,3736460842,ok,130.1,3.77,130.0,7B,0.93,7B,0.87,4A,
108941,Christian Wunsch,Optical Illusion,127,4A,106849414,ok,127.08,2.79,127.0,4A,0.735,4A,0.742,7A,
34347,USAW,Sway 21,142,8A,2603180992,ok,142.04,3.68,142.0,5A,0.411,5A,0.414,8A,
111878,Safri Duo,Played-A-Live (The Bongo Song) (Original Club Mix),138,12B,2435093405,ok,137.67,1.7,138.0,1B,0.642,1B,0.749,1B,
114792,Darkness in Eldorado,Tempio Del Trambusto ((Aakira Remix)),147,3A,3704674852,ok,145.02,3.52,145.0,7A,0.492,7A,0.514,7A,
25670,Sigur Rós,Svefn-g-englar,118,12B,705575102,ok,115.15,0.76,30.0,12B,0.872,11B,0.831,12B,
116761,Matük,Lio,111,5A,3915588131,ok,74.01,3.14,148.0,5A,0.79,5A,0.837,5A,
213247,Krasa Rosa,Ty & Ya (Sound Quelle Remix),120,5A,2289202415,ok,119.79,1.02,120.0,7B,0.904,7B,0.864,7B,
144889,Planetary Assault Systems,Bell Blocker (Silent Servant Remix),129,9A,951037992,ok,126.05,3.78,126.0,7A,0.73,8B,0.743,7A,
140912,Dominic Plaza,Origin Native,130,9B,65739829,ok,130.01,3.8,130.0,5A,0.856,8B,0.791,6A,
19207,Exocet,Sweet Talk,127,4A,1702145717,ok,126.97,3.3,127.0,4A,0.817,4A,0.818,4A,
99417,Lewis Fautzi,Science,120,4B,2391170175,ok,120.04,2.05,120.0,4B,0.65,4B,0.588,1A,
56811,The Dharma Chain,See Through (MM Dream Mix),121,8A,3623652652,ok,95.02,4.07,95.0,8A,0.91,8A,0.88,8A,
138204,"D.K., S.K.",Xerox,89,10B,432529562,ok,117.89,1.06,90.0,10B,0.893,10B,0.932,10B,
109221,Yogg,The Try Out,100,4B,2309799595,ok,100.04,1.6,150.0,4B,0.829,4B,0.726,1A,
177880,CLIPZ,Come Find Me,84,11B,3957705701,ok,166.03,2.38,168.0,11A,0.924,11A,0.857,11A,
18748,Led Zeppelin,Over the Hills and Far Away (Remaster),112,10B,111628800,ok,93.92,1.3,94.0,10B,0.922,10B,0.916,10A,
155201,Amy Winehouse,I Heard Love Is Blind (Demo),110,11B,924504,ok,150.77,0.63,152.0,11A,0.795,11B,0.862,11A,
189324,Mika Heggemann,Love On Fire,148,2A,3966485061,ok,147.35,1.57,148.0,2A,0.853,2A,0.79,1A,
75274,Undercatt,Hana,125,10B,2653046242,ok,124.99,3.45,125.0,7A,0.651,7A,0.648,7A,
25580,Maksim Dark,Dreams Are Destroyed (Christian Craken Remix),125,10A,1131054912,ok,125.03,3.1,125.0,10A,0.66,9B,0.757,10A,
162412,coiro,Una,120,8B,3148439251,ok,120.0,3.82,120.0,5A,0.943,5A,0.824,5A,
102248,Dettinger,Intershop (6) [Remastered 2024],97,12A,2703692222,ok,83.27,0.71,79.0,12A,0.874,12A,0.936,12A,
157205,Pris,Echoes of the Tundra,134,11A,79425465,ok,133.85,3.5,134.0,4A,0.512,4A,0.426,4A,
140962,41 Degrees,The Spirit Moves,140,11B,3369256651,ok,93.49,3.91,140.0,8A,0.892,8A,0.822,11B,
98774,Kintar,Tati Tati,122,9B,3925721241,ok,121.96,3.07,122.0,6A,0.885,6A,0.777,6A,
194382,Screen II,Hey Mr DJ (Stab Mix),128,9A,2499785551,ok,128.48,2.38,128.0,9A,0.828,9A,0.853,8A,
177926,Felix Kröcher,Pesadao,138,9B,3573247841,ok,137.95,2.99,138.0,9B,0.943,9B,0.836,6A,
113430,Maetrik,Utilizame,126,9A,69176862,ok,125.86,3.44,126.0,8B,0.399,8A,0.526,11A,
98791,Caiiro,Technology,120,12A,3211484131,ok,120.0,3.8,120.0,12A,0.935,12A,0.873,12A,
219278,Neversleep,Phone Calls,115,6A,651425042,ok,114.67,3.5,115.0,6A,0.872,6A,0.771,3A,
227783,"Madvillain, Madlib, MF Doom",Raid (feat. MED),125,11A,446028272,ok,99.86,1.62,100.0,11A,0.735,11A,0.757,11A,
120551,Disrupt,Airlock Cycle,134,1A,551120202,ok,89.7,0.37,90.0,12B,0.787,12B,0.832,12B,
174235,Judy Cheeks,Reach,124,9A,3455481111,ok,123.88,3.57,124.0,9A,0.945,9A,0.917,9A,
21549,Ramsey Neville,Imminent Collapse,140,3B,3523233531,ok,140.02,3.87,140.0,11A,0.396,9B,0.438,6A,
90003,Samuel L Session,Ghost of Puente,132,8A,2170039077,ok,132.07,2.8,132.0,7B,0.659,8A,0.787,7B,
77309,Vanessa Amara,Pipe Organ,101,5B,1344786622,ok,117.13,0.29,30.0,5B,0.875,5B,0.858,5B,
79249,Fabio Monesi,Harmony,125,2A,3208576331,ok,125.01,3.6,125.0,5B,0.9,5B,0.809,2A,
84011,Mayurashka,Cat Murmur,127,2A,3354440401,ok,127.07,3.64,127.0,5B,0.845,5B,0.757,1A,
198787,Miss Red,Come Again,95,5A,500618252,ok,95.01,3.59,95.0,9B,0.531,9B,0.595,6A,
181552,Collapse,Hold Me In Your Arms (Pump Mix),107,3A,61380651,ok,122.95,3.13,123.0,3A,0.978,3A,0.925,3A,
18762,Disco Secret,During The Hippy Culture,120,3A,1508460702,ok,119.93,3.64,120.0,5B,0.889,5B,0.806,2A,
223114,Lumukanda,Banshee Ov Thee Sixth Sun,162,8B,698520622,ok,161.96,2.97,161.0,5A,0.755,8B,0.638,8B,
1139,I:Cube,Disco Cubizm (Daft Punk Remix),129,1A,3950622,ok,129.14,4.1,129.0,4B,0.63,4B,0.569,1A,
44268,Björk,Human Behaviour (Le French Touch),143,8A,2764597401,ok,123.0,4.29,123.0,10B,0.883,10B,0.839,10B,
90498,Phil Collins,Who Said I Would (Live 1990),133,8B,624596502,ok,130.25,3.61,130.0,5A,0.895,5A,0.798,6A,
27340,Christophe Salin,Where You Want Me to Be,126,4A,3613282382,ok,126.01,3.68,126.0,4A,0.656,4A,0.712,4A,
44081,Any Mello,Devotion,138,2A,3611046522,ok,138.17,3.15,138.0,6A,0.57,9B,0.558,9A,
226424,Mira (Berlin) & Christopher Schwarzwalder,Indio Hindu,117,9B,78708559,ok,117.17,3.32,117.0,6A,0.876,6A,0.769,6A,
161171,Animatek,Black Cat (Original Mix),136,11A,1535985622,ok,136.0,4.65,136.0,10B,0.466,10B,0.57,7A,
198516,Kameliia,Se Leurrer,140,10A,1186036352,ok,69.76,3.57,140.0,3A,0.317,8B,0.247,5A,
60163,Conquest,Forever,71,8A,89419001,ok,138.6,0.44,155.0,8A,0.774,8A,0.762,8A,
68003,Suriana,Umbra,122,7B,3869951401,ok,120.0,3.8,120.0,7B,0.855,7B,0.833,4A,
230928,Setaoc Mass,Wu Wei,135,1A,3416901121,ok,135.54,2.88,135.0,7B,0.537,7B,0.498,11A,
29588,Dax J,The Invisible Man (Original Mix),66,1A,487806672,ok,133.01,3.61,133.0,1A,0.861,4B,0.749,8A,
124518,Joezi,7 Seconds,124,2B,2628154112,ok,124.03,3.61,124.0,11A,0.8,3B,0.779,11A,
13544,Joel Alter,Dust Away (Horror Mix),125,3B,9952032,error:RuntimeError,,,,,,,,,"Error while configuring MonoLoader: AudioLoader: Could not find stream information, error = End of file"
313,Solomun,Kinesphere,136,8B,3836847461,ok,136.01,2.77,136.0,8A,0.867,8A,0.873,8A,
36565,Ital Tek,Moment In Blue (FaltyDL Remix),100,10A,108801092,ok,133.04,1.94,132.0,10B,0.745,9B,0.795,8A,
217307,DART,Beamies World,138,3B,1775376897,ok,137.98,3.07,138.0,3A,0.707,3A,0.83,3A,
35458,Session Victim,Screen Off,123,10B,3551652731,ok,123.05,4.19,123.0,7A,0.874,7A,0.782,7A,
56880,1900Rugrat,Dead Cracka (feat. BLP KOSHER),126,12A,3080212581,ok,86.79,1.73,87.0,7B,0.703,7B,0.714,3A,
173011,LaRosa,The Fifth Story,128,4B,2113791927,ok,128.03,2.42,128.0,2A,0.874,5B,0.751,2A,
216824,Armand Van Helden,Reservoir Dogs,103,4B,437522972,ok,102.94,3.69,103.0,4B,0.637,4B,0.741,1A,
78066,Lavery,Informer People,107,7A,879498352,ok,107.29,1.96,161.0,7B,0.839,7B,0.834,6A,
137822,Charlotte de Witte,A Prayer for the Dancefloor (feat. Conduit),140,7B,3776311442,ok,139.89,2.91,140.0,7B,0.949,7B,0.881,3A,
165809,DMX Krew,Dinosaur Reaction,80,6A,3887124031,ok,106.95,3.98,107.0,5A,0.645,5A,0.596,5A,
198700,Crusy,Bikini (On The Beach),124,8A,3571264361,ok,123.84,3.59,124.0,8A,0.873,8A,0.867,8A,
161467,Cleric,Fixation,142,8B,2363741195,ok,142.13,3.37,142.0,4A,0.602,4A,0.549,1A,
9466,Bacco (Br),M.A.T.,128,10B,3988138441,ok,128.99,3.84,128.0,10B,0.898,10B,0.79,7A,
97547,Mike Monday,What Day Is It? (Mark O'Sullivan Remix),112,2B,1803735947,ok,128.43,3.47,128.0,2B,0.869,2B,0.83,11A,
130367,holandês,União Sinistra,135,11A,2172869017,ok,135.22,3.29,135.0,11A,0.81,11A,0.765,8A,
42700,Commuter,Modern Economy,128,4B,449492202,ok,128.06,2.76,128.0,4B,0.876,4B,0.829,1A,
37136,Ela Minus,espiral,117,7A,4064448511,ok,117.03,1.2,116.0,7A,0.925,7A,0.85,7A,
7518,Joy Anonymous,JOY (Up The Street),127,4B,2516524831,ok,123.96,2.47,127.0,4B,0.807,4B,0.909,5A,
151063,Duellist,Pistols at Dawn,128,4B,128482969,ok,128.04,3.95,128.0,4B,0.821,4B,0.756,1A,
24291,"Ed Davenport, Tee Amara",Deepest Sea (Full Vocal Mix),132,6B,4002085191,ok,131.96,2.96,132.0,7B,0.6,7B,0.572,7A,
222583,Flevans,Spooked,110,4B,3687288162,ok,110.24,3.79,110.0,4B,0.808,4A,0.869,4B,
60509,Architectural,White Space,77,2B,3950950271,ok,122.94,3.86,123.0,2B,0.744,2B,0.719,9A,
25471,FM From B,Every Nite Every Day,130,11A,3993712401,ok,129.89,3.61,130.0,11A,0.845,11A,0.738,11A,
66194,Patrick Cowley,Mockingbird Dream 2,80,5B,352046461,ok,96.29,0.27,155.0,5A,0.854,5A,0.88,5A,
70898,"Dj Garth, Eti",Look to the Moon Dub,126,1A,64999223,ok,126.08,3.76,126.0,1A,0.75,1A,0.757,1A,
102085,James Orvis,Resolve (Original Mix),127,11A,971999802,ok,127.65,3.1,127.0,8B,0.431,8B,0.406,6A,
109791,"Gemini, J T Donaldson",Changing Times,125,6A,346237501,ok,125.01,3.85,125.0,6A,0.881,6A,0.786,6A,
230323,Fabrizio Fattori,Bara-Hum-Ba,108,5A,644956882,ok,107.86,3.87,108.0,5A,0.784,5A,0.805,5A,
9392,Peppe Citarella,VAPEA,123,5B,3958020841,ok,122.96,1.61,123.0,5B,0.843,5B,0.788,6B,
227009,Superfície,Dengue Drums (Foozool Remix),83,8B,136137914,ok,132.1,1.86,132.0,9B,0.855,9B,0.818,9B,
112332,"DJ Mischkonsum, Optimus Crime",Serious Music,150,2A,2933529731,ok,149.96,3.73,150.0,5B,0.466,5A,0.532,1A,
146839,"Brandy, Monica",The Boy Is Mine (Radio Edit with Intro),93,12A,732455,ok,93.1,4.26,93.0,12A,0.936,12A,0.898,12A,
172001,Apulati Bien,Blé Noir,150,4B,1629581522,ok,99.6,1.11,150.0,1A,0.917,4B,0.789,4B,
116949,Red Axes,Shabak Shalom,120,5A,2208592637,ok,120.0,3.06,120.0,5A,0.525,5A,0.523,1A,
148335,The Two Mamarrachos,Trip to the Light,109,11B,487616312,ok,109.3,3.45,109.0,7A,0.773,10B,0.673,10B,
54043,Trent Reznor & Atticus Ross,Challengers,130,4A,2747554831,ok,130.06,3.21,130.0,4A,0.961,4A,0.891,4A,
208166,Braxton,Singularity (Extended Mix),125,8A,3321096491,ok,125.05,3.8,125.0,8A,0.884,8A,0.932,8A,
95844,Dire Straits,Twisting By The Pool,91,11B,4679123,ok,91.35,3.35,91.0,11B,0.881,11B,0.924,11B,
145526,Nuke Watch,"Dog, as a devil deified, lived as a god.",123,4B,2756971711,ok,89.98,0.59,123.0,2A,0.764,2A,0.765,2A,
220034,The Beach Boys,Take A Load Off Your Feet (Alternate Vocals Mix),103,1B,1470193502,ok,100.07,2.84,100.0,6B,0.927,6B,0.973,6B,
105259,Jerome.c,Agnes 5,124,12A,1278598252,ok,124.0,3.89,124.0,12A,0.841,12A,0.872,11A,
156098,Whodamanny,No Sè,96,5A,3707997922,ok,95.95,3.79,96.0,5A,0.973,5A,0.95,5A,
156217,Etienne de Crécy,Super disco,118,9A,2553710,ok,117.76,3.47,118.0,9A,0.888,9A,0.84,9A,
19666,Capricorn (3),Capricorn (Instrumental),121,5A,2980586761,ok,125.05,3.1,125.0,8B,0.787,8B,0.772,7A,
7003,"Johannes Brecht, Christian Prommer",Voix Grave (Johannes Brecht Version),124,5A,2653285592,ok,123.85,3.72,124.0,5A,0.92,5A,0.921,5A,
21270,Kwartz,Enter The Zone (Original Mix),138,3A,3064568441,ok,137.92,2.74,138.0,3B,0.564,3B,0.692,11A,
174611,Voyager,"Time Travel,Pt. 2",70,9B,3536280711,ok,140.09,2.99,140.0,6B,0.622,6A,0.724,6A,
119965,James Ironhead,Crossing the Baha,129,8A,16592389,ok,130.1,2.55,130.0,8B,0.804,8B,0.822,8B,
75975,Exium,Taken By Force,135,7A,1070217522,ok,135.17,3.74,135.0,4B,0.681,4B,0.746,1A,
66681,Propaganda,Frozen Faces (The Echo of...),104,8B,1536206892,ok,112.86,3.92,113.0,5A,0.955,5A,0.832,4A,
205213,Cervo,Autumn Spring,126,2A,3759769302,ok,63.14,2.16,126.0,2A,0.984,2A,0.886,2A,
42059,Ossia,Red X,110,10A,116853484,ok,109.88,3.4,110.0,9B,0.648,9B,0.672,6A,
157362,Ziggy Phunk,Alone Without Out,112,10A,3692385272,ok,111.89,3.67,112.0,10B,0.736,10B,0.671,9A,
46718,Trompies,Magasman (feat. Lebo Mathosa),100,4A,2141868767,ok,99.99,4.0,100.0,4A,0.723,4A,0.7,4A,
9277,Geno Washington,Herk's Works (Live),96,8B,3786101542,ok,178.21,0.97,176.0,5A,0.869,8B,0.761,8B,
12498,Animal Picnic,Ethorica,121,9B,2905989611,ok,122.5,3.94,121.0,9B,0.795,9B,0.706,6A,
127536,John Cale,Dying on the Vine,110,5A,936302,ok,109.12,3.49,110.0,5A,0.793,6A,0.803,6A,
190845,Lando Chill,That's Real,86,3A,120197320,ok,86.42,2.17,86.0,3B,0.746,3A,0.887,11A,
241367,Aaron Hall,Don't Be Afraid,102,2A,1110896,ok,101.59,3.71,102.0,3A,0.534,3A,0.545,2A,
158103,Plus Instruments,Love Is Enough (Jamie Paton Cloudy Dub-Out),114,9A,2200524817,ok,114.11,3.34,114.0,5A,0.557,5A,0.538,4A,
193643,Geju,Dark Places (Paul Traeumer Remix),114,10B,3609157532,ok,113.98,3.93,114.0,7A,0.863,7A,0.739,6A,
172441,Andrew Azara,The Quest,128,3A,4060777011,ok,127.98,3.85,128.0,3A,0.953,3A,0.865,3A,
12953,Aretha Franklin,Save Me,121,12B,2133604,ok,120.16,3.14,120.0,12B,0.87,12B,0.757,12B,
22654,White Off,Ghetto Zion,129,5B,4081541471,ok,129.05,3.8,129.0,4B,0.829,4B,0.733,1A,
199963,Patrick Cowley & Jorge Socarras,You Laugh at My Face (Tobias. Version),100,6B,3865133831,ok,100.22,3.91,100.0,6B,0.846,6B,0.85,6B,
208294,Iori Wakasa,Teachers,116,11A,3774546372,ok,116.75,3.22,116.0,9A,0.495,9B,0.56,11A,
153551,Ed Sheeran,Cross Me (feat. Chance the Rapper & PnB Rock),95,1B,684267022,ok,95.14,2.54,95.0,1A,0.899,1A,0.918,1A,
25305,Malaa,F THE POLICE (Extended Mix),160,12B,3865029571,ok,161.5,1.93,160.0,12B,0.823,12B,0.739,9A,
208569,Yann,Au Claire De Lune,108,1B,3214278351,ok,172.27,2.27,176.0,10A,0.898,10A,0.793,2B,
124479,Dogzilla,Dogzilla (Alex Di Stefano Remix),135,1B,1041064432,ok,138.03,2.77,138.0,1B,0.893,1B,0.791,10A,
82965,Silva Bumpa,Bludz & Cripz,135,10B,3996943681,ok,134.97,2.18,135.0,6A,0.816,6A,0.693,6A,
13737,Second Sine,Pirate TV,121,1A,4057884521,ok,121.08,3.52,121.0,1A,0.835,1A,0.885,1A,
181077,Coffintexts,Hot 10 Times,135,7A,3157819581,ok,135.14,3.21,135.0,6B,0.606,6B,0.712,6A,
117309,Bob Andy,My Time,139,10B,3750652112,ok,138.77,3.54,139.0,10B,0.9,10B,0.813,10B,
34099,"Junior Sanchez, Dave Giles II",Bitch U Could Neva (Fatherhood Remix),132,1A,3252637521,ok,65.88,3.12,132.0,8B,0.743,8B,0.787,4A,
5677,Ten City,Be Free (Emmaculate & Shannon Chambers Mix),120,10A,2496625961,ok,119.95,3.76,120.0,11A,0.867,11A,0.771,11A,
73248,Clouds,Elders Refix,139,2A,10580676,ok,138.64,1.56,139.0,11A,0.656,10A,0.604,10A,
185894,Mannix,In Praise of the Sun (Extended Mix),126,2A,2980717031,ok,125.02,2.87,125.0,5B,0.876,5B,0.935,6A,
92522,"Ed Longo, The Applied Arts Ensemble",A Palm In The Closet (Original Mix),107,8A,620657912,ok,106.89,3.71,107.0,7A,0.823,8A,0.822,7A,
30474,Loki Laredo,All That (Fulgeance Low Club Remix),105,3A,1107608622,ok,104.89,4.07,105.0,3A,0.909,3A,0.819,6B,
89768,Drumheller,Snake Bite,128,9A,3459637381,ok,128.22,1.83,129.0,12B,0.548,1A,0.608,9A,
112153,Gonzi,BASSKILLER,160,2B,2598581712,ok,161.69,2.59,160.0,2B,0.864,2B,0.793,2B,
117477,Aleksi Perala,FI3AC2028020,133,8A,1543463892,ok,134.82,2.95,133.0,8A,0.899,8A,0.836,8A,
182306,Calibre,Addict,79,3B,519114542,ok,106.67,0.36,142.0,12A,0.849,12A,0.777,12A,
9882,Bonnie Spacey,Prophesis,128,4A,3791257012,ok,128.08,3.19,128.0,4A,0.97,4A,0.942,4A,
72781,Beta Librae,Megafauna,132,2A,4021099371,ok,131.85,3.22,132.0,4A,0.576,4A,0.679,10A,
115323,lil_art_hoe,A Lot of Talk,123,10A,3678014012,ok,123.05,3.94,123.0,2B,0.474,2B,0.459,10A,
128237,Moon's Voyager,Me and the Butterflies (Intro),105,10A,2557058992,ok,104.94,2.33,105.0,10A,0.841,10A,0.817,10A,
192647,Kwalud,Angel Choirs,130,9A,671137772,ok,130.05,3.95,130.0,12B,0.837,12B,0.831,8A,
79312,Aiden Francis,Paranthos,131,11B,3512117301,ok,132.85,3.19,133.0,9B,0.812,9B,0.753,6A,
136852,HI ROSIE,La Bagad des Gens Heureux,160,8B,3881040811,ok,106.46,2.12,160.0,8B,0.923,8B,0.834,5A,
137260,shjva,Chrysalis,137,6B,2718719002,ok,136.65,3.37,137.0,6B,0.815,6B,0.783,6B,
35908,DJ JM,Winted,132,5A,2909499281,ok,132.0,3.71,132.0,8B,0.814,8B,0.778,5A,
192569,Mor Elian,"Beep Boop, but Make It Existential",120,7B,3615975202,ok,119.89,2.48,120.0,8B,0.874,7B,0.764,7B,
118582,Shire T,London. Paris. Berlin.,128,12B,1424390692,ok,128.34,3.51,128.0,12B,0.654,12B,0.725,12A,
143255,Mella Dee,Digital Vanguard,127,11A,3681472512,ok,126.93,1.51,127.0,5A,0.677,8B,0.608,7B,
194510,"Wallhack, Scurrow",VRS,87,7A,3335765451,ok,87.0,3.6,174.0,4A,0.46,2B,0.452,11A,
81106,The Skygreen Leopards,Greenmarsh Tiger,155,9B,501914952,ok,154.49,1.69,77.0,9B,0.785,9B,0.782,8A,
41932,Ancestral Voices,Distant Stare,128,2B,2398561535,ok,84.44,3.79,170.0,2B,0.928,2B,0.883,2B,
176979,Blotter Trax,Blotter Trax 2.3,122,6B,637224562,ok,122.21,2.58,122.0,4A,0.48,4A,0.492,6A,
94607,Aphex Twin,Avril 14th,156,4B,29377601,ok,156.25,2.98,79.0,4B,0.869,4B,0.948,4A,
233454,Flore,The Switcher,80,9A,1695591337,ok,161.59,3.3,160.0,9A,0.676,9A,0.774,9A,
85372,Ikari,Not My Tempo,72,3A,3391977701,ok,143.93,3.17,144.0,7B,0.598,7B,0.55,5A,
91648,VDM,Magnetic (Original Mix),136,4B,128816213,ok,136.0,4.23,136.0,4B,0.699,4B,0.74,4B,
21304,Out of Orbit,Drumatix,133,2B,2600022742,ok,133.14,2.81,133.0,2B,0.869,2B,0.804,11A,
87564,Crystal Clear,10 Minutes,87,9A,3884084991,ok,172.27,1.7,174.0,9B,0.625,9B,0.761,9A,
27123,RSD,Pretty Bright Light,140,12A,472713662,ok,69.9,2.53,140.0,8B,0.256,8B,0.262,2B,
116552,Captain Mustache feat. Amanda Lear,Mustache of the Universe,116,8B,2420486565,ok,115.82,3.9,116.0,8B,0.771,8B,0.756,8A,
9305,Pleasure,Take A Chance,117,10B,4126250,ok,117.37,3.39,117.0,10B,0.796,9B,0.802,8A,
159721,lyraaa,Huh Yeah,160,2B,4003118171,ok,161.59,3.41,160.0,11A,0.907,2B,0.824,11A,
188327,Call Super,Waterways,128,7A,3527535691,ok,128.54,3.28,128.0,7A,0.824,7A,0.772,9A,
97576,Kaliber,Kaliber07-a1,126,9A,61686053,ok,125.91,3.69,126.0,3B,0.552,3B,0.556,11A,
163632,"Jackmate, The Missing Linkx",Discodisco2,122,8A,3134688671,ok,121.99,2.88,121.0,6B,0.544,6B,0.582,6B,
60151,Xantoné Blacq,Search for the Sun (Platinum Remix),134,6A,2925292921,ok,133.81,1.71,134.0,9A,0.703,9A,0.751,9A,
41286,Rumenige,Eka,81,12B,463941782,ok,64.77,3.08,131.0,7A,0.58,7A,0.551,7A,
45559,Simon Kidzoo,Que Lo Que (Justin Rabin Remix),129,8B,3880633341,ok,129.1,3.72,129.0,8B,0.891,8B,0.832,8B,
75126,Prince,When the Lights Go Down,125,9B,775307,ok,125.51,3.48,125.0,9B,0.819,9B,0.869,10B,
102739,Zuma Dionys,Light (Original Mix),100,1A,1179550352,ok,99.99,3.03,100.0,1A,0.875,1A,0.856,1A,
176564,"Franco Smith, TimiR",Nasty,138,9B,2987839691,ok,137.97,3.41,138.0,6A,0.898,6A,0.794,9A,
187601,Pixies,La La Love You,125,10B,945402,ok,123.57,3.43,124.0,10B,0.911,10B,0.949,10B,
13508,Somko,Rahu (Rodrigo Gallardo Remix),105,7A,4069585991,ok,104.87,3.64,105.0,7A,0.964,7A,0.882,7A,
5964,Delilah,Journey,129,2B,3972144421,ok,128.79,2.42,129.0,4B,0.884,4B,0.77,1A,
70461,"Broken Minds, Tha Playah","The Witch Project - Broken Minds, Tha Playah",175,6A,679578722,ok,172.27,1.43,174.0,6A,0.947,6A,0.888,6A,
75489,Nicolas Viana,Strange Dancer (Extended Mix),125,4A,4054387571,ok,125.08,3.85,125.0,4A,0.953,4A,0.957,4A,
23533,Jorge Ben,Brother,85,1A,529383871,ok,85.31,2.14,169.0,1A,0.754,1A,0.785,1A,
85013,The Pointer Sisters,Yes We Can Can,87,5A,396453012,ok,87.98,3.42,176.0,8B,0.914,8B,0.848,5A,
89465,Vanille,No Move,144,3A,3093403671,ok,143.93,2.58,144.0,3A,0.739,4A,0.768,1A,
60488,"Tektonauts, Armandd G",Muevela,124,7A,3293522251,ok,123.81,3.47,124.0,4A,0.606,4A,0.679,3A,
20002,Phuture,Phuture Jacks,121,7A,1600909282,ok,120.76,3.79,121.0,3A,0.549,3A,0.509,3A,
4799,AstroHertz,Miracle,130,10A,3892910191,ok,130.05,3.36,130.0,10A,0.927,10A,0.951,10A,
14083,Kölsch,Zig,124,8B,68788688,ok,124.08,3.32,124.0,8B,0.82,8B,0.894,8A,
131645,Hood,The Light Reveals The Place,91,5B,4642832,ok,130.56,0.42,90.0,5A,0.799,5A,0.884,5B,
75438,KUSS,The Power of Dreams,142,1A,3328799341,ok,142.04,3.81,142.0,1A,0.85,1A,0.869,1A,
149782,Daniel Levak,Off My Mind (Extended Mix),128,6A,2133175327,ok,128.01,3.79,128.0,6A,0.889,6A,0.748,6A,
160003,"Yamagucci, Adam Ten",Desert Fantasy,125,3B,3129955661,ok,124.97,3.75,125.0,12A,0.791,12A,0.845,3B,
153634,"Kanye West, Gucci Mane, Big Sean, 2 Chainz, Travis Scott, Yo Gotti, Quavo, Desiigner",Champions,135,11A,126587209,ok,133.85,1.62,135.0,11A,0.859,11A,0.811,11A,
104153,Nídia,É COMO?,130,7A,2445414215,ok,129.95,3.6,130.0,6B,0.714,6B,0.774,3A,
230664,Michigan & Smiley,"Diseases 12""",80,4B,6709705,ok,161.5,3.04,80.0,4B,0.82,4B,0.783,1A,
2525,Todd Terry,Something Goin' On (InHouse Radio Edit),128,10A,62927006,ok,127.86,3.88,128.0,10A,0.843,12B,0.747,10A,
158369,Badawi,Tall King Dub,87,5B,1399552802,ok,86.95,2.55,87.0,5B,0.683,5B,0.679,8A,
114438,DESTIN CONRAD,DELUSIONAL,101,5A,3300065301,ok,68.0,1.12,84.0,5A,0.821,5A,0.849,5A,
2092,Dennis Ferrer,Transitions,126,4B,71301804,ok,125.95,3.77,126.0,4B,0.928,4B,0.845,4B,
215283,Pablo Bolivar & Cajunn,Frosted (Cajunn Remix),120,9A,3803769492,ok,120.04,3.29,120.0,9A,0.859,9A,0.946,9A,
16216,"Shygirl, Kingdom, VTSS, Club Shy",f@k€ (VTSS remix),145,1A,2789447452,ok,150.07,3.49,150.0,7A,0.766,7A,0.714,7A,
81820,Miles Davis,On the Corner / New York Girl / Thinkin' of One Thing and Doin' Another / Vote for Miles,115,5B,13211906,ok,114.43,2.51,114.0,5A,0.837,5A,0.866,5A,
169893,Gowzer,After the Red Sky,123,9B,4023743901,ok,123.1,4.85,123.0,6A,0.917,6A,0.777,6A,
11976,Hector Couto,Hot Stuff,130,6A,3335639421,ok,129.99,3.92,130.0,6A,0.821,6A,0.811,6A,
151627,Dylab,Keep Your Body Hot,135,8A,2682424532,ok,135.0,3.26,135.0,8A,0.883,8A,0.853,8A,
148080,Geordie Greep,"Holy, Holy",144,9A,2991583551,ok,143.92,3.45,144.0,9A,0.85,9A,0.785,9A,
134719,Giuseppe Biondo,No Body (Drastic Duo Remix),123,8A,127079289,ok,123.05,4.07,123.0,9A,0.532,9B,0.661,6A,
67987,Savvas,Glimpse of the Past,123,3B,3988321561,ok,123.05,3.47,123.0,12A,0.884,12A,0.801,3B,
59148,The Utopia Project,File #2,116,9A,3157139631,ok,117.96,3.77,118.0,9A,0.716,9A,0.646,11A,
217836,NYCO,Fortaleza,150,7B,3427050441,ok,149.89,2.03,150.0,4A,0.918,4A,0.831,7B,
14605,Marco V,Panther,132,12B,3951799021,ok,130.61,3.47,132.0,9A,0.859,9A,0.779,9A,
66448,"AC Soul Symphony, Dave Lee",The Philly Avengers,91,5A,2422117305,ok,120.94,3.34,121.0,8B,0.962,8B,0.895,8B,
32365,James Ruskin,Coda (2019 Remaster),138,6B,1736740807,ok,137.57,3.49,138.0,7A,0.714,7A,0.72,7A,
10396,Manuel Grandi,Nightlife,120,8A,1735794547,ok,119.9,2.61,120.0,8A,0.848,8A,0.813,8A,
116857,Little Dragon,The Last,84,2A,11964034,ok,83.75,3.2,83.0,2A,0.848,2A,0.896,2A,
84250,Lucinda Williams,Words Fell (Album Version),107,6B,1180534,ok,103.44,0.58,104.0,6B,0.891,6B,0.893,6B,
227273,Alpha Tracks,Idomeneo,137,6A,888672132,ok,136.47,3.86,137.0,7B,0.712,4A,0.657,7A,
80668,"Peven Everett, Tony Touch",No Wonder (Yoruba Soul Radio Edit),122,2A,3573349791,ok,121.98,3.82,122.0,2B,0.72,2B,0.769,2A,
80505,Versalife,Shadow Warrior,84,9A,1197997882,ok,135.45,3.23,134.0,9A,0.741,8A,0.724,9A,
44493,Broken Hill,Mutual Muse (Extended Mix),124,4B,3430876341,ok,123.81,2.95,124.0,4B,0.893,4B,0.912,4B,
201926,Josh Butler,Chess,127,4A,2335531295,ok,128.91,2.5,127.0,4A,0.913,4A,0.885,4A,
46706,Pascal Mollin,The Elephant (Pan-Pot Remix),125,8B,45690861,ok,127.22,3.73,127.0,8B,0.364,3B,0.351,7A,
33689,Da Kine,Just the way i feel,123,8A,1056683312,ok,123.0,4.14,123.0,7B,0.797,7B,0.862,8A,
223210,Ricardo Garduno,Mute Interaction - Jose Pouj Remix,128,4A,141062433,ok,128.01,3.94,128.0,3B,0.677,3B,0.753,12A,
125629,great area,Rain,69,4A,3364947281,ok,136.8,2.08,137.0,4A,0.89,4A,0.935,4A,
67002,"Iz, Diz",Mouth (Brad Peep's Remix For Friends),126,11A,9861467,ok,126.58,3.62,126.0,11B,0.72,11A,0.768,11A,
170796,Ivan Pogrebniak,Ashen Skies (Sound Fusion Remix),123,11A,3844384171,ok,123.05,4.08,123.0,2B,0.767,2B,0.672,11A,
86962,Björk,Big Time Sensuality (The Fluke Magimix),101,5B,2629727392,ok,102.6,0.58,155.0,5B,0.955,5B,0.918,5B,
55152,Foncek,Crazy Holiday,155,3B,2849966572,ok,154.69,2.38,155.0,11B,0.778,11B,0.719,11B,
157534,Polygonia,Grotte der Amphibien (Javier Marimon Off Toms),72,10A,1611603782,ok,72.64,1.42,96.0,9B,0.522,9B,0.553,6A,
58982,Esmaeili,Ride or Die (Codenzi Remix),107,8B,3690180242,ok,107.12,3.59,107.0,8B,0.925,8B,0.857,8B,
179017,"DJ One Finger, Tim Taylor (Missile Records), Clemens Neufeld",House Fucker (Nils Hess and Nathan Coles Remix_2001),132,1A,2457538485,ok,131.84,3.81,132.0,11A,0.849,2B,0.768,5A,
164171,DJ Swella,Movement,125,2A,3021081981,ok,124.89,3.66,125.0,1A,0.863,1A,0.862,2A,
137951,Émanton,Novice-Ritual,125,9A,416857552,ok,125.02,3.58,125.0,8A,0.912,8A,0.785,8A,
116934,Christian S,Do You Do (Sax Edit),118,9B,444298222,ok,117.46,3.29,118.0,9B,0.924,9B,0.915,9B,
202517,Woo York,Smoke Signal,127,4A,74864130,ok,126.98,3.87,127.0,4A,0.616,4A,0.687,6A,
179888,Capricorn,Love In London (Piano Mix),115,9A,2507970,ok,124.85,3.7,125.0,9A,0.845,9A,0.788,8A,
3823,Luciid,Bunker Buster,155,6B,2673505052,ok,153.56,3.11,155.0,10B,0.509,8A,0.513,1A,
104168,Riley (UK),Not Tonight,128,7A,1934830957,ok,128.33,3.27,128.0,6A,0.95,6A,0.863,6A,
11086,Glass Beams,Mahal,100,5B,2632017512,ok,100.31,2.39,100.0,5B,0.804,5B,0.727,2A,
165299,BitterSuite,Clav (Dub 1),123,6B,477651542,ok,123.05,4.3,123.0,3A,0.876,3A,0.783,4A,
82524,Masterstepz,Melody (Original 98 Mix),128,8A,392254642,ok,127.93,3.46,128.0,11B,0.736,11B,0.761,8A,
46632,Caiphus Semenya,Angelina,112,7A,9437040,ok,118.16,3.67,118.0,3B,0.821,3B,0.87,3B,
30037,Skrillex,oltage (see you again),150,8B,3657746562,ok,150.14,2.99,150.0,8B,0.838,8B,0.854,9B,
141561,Kohra,Aănkh,138,7B,3625063572,ok,138.08,3.76,138.0,7B,0.781,7B,0.749,4A,
71265,Thievery Corporation,Exilio,113,8A,3826798531,ok,105.99,3.68,106.0,8A,0.887,8A,0.858,8A,
108652,Peter Seiler,Tuya Hikes,104,9B,628868642,ok,100.64,3.23,100.0,7A,0.972,7A,0.956,7A,
56220,Alain Goraguer,L'ouvreuse Fait Son Cinéma (Cinema Test Mix),125,10A,2595396962,ok,124.79,3.16,125.0,10A,0.808,10A,0.846,10A,
58647,Mathys Lenne,Influenza,73,6A,2113347277,ok,146.97,3.02,147.0,9B,0.273,10B,0.277,6B,
87096,Creative Arts Ensemble,Unity,84,6A,130141837,ok,148.21,0.64,84.0,9B,0.713,9B,0.703,7A,
226151,Uzeyir Mehdizade,Yaxsi Olar,122,8A,2135781107,ok,119.99,2.99,120.0,4A,0.844,4A,0.879,4A,
124087,UVB,Intolerance,133,6A,346064701,ok,133.01,2.52,133.0,5A,0.848,8B,0.79,5A,
59518,Eduardo de la Calle,Never Summertime Again (Re-Modelled Mix),122,10B,119223974,ok,120.86,2.04,90.0,10B,0.685,11B,0.691,7A,
214291,Hilit Kolet,Hot Mess (Even Hotter Mix),126,5B,2609437122,ok,126.03,3.76,126.0,1A,0.707,1A,0.677,1A,
90789,Primal Code,Adansonia,103,6A,2266234457,ok,162.46,1.82,164.0,6A,0.955,6A,0.851,6A,
146813,MoonDoctoR,SHAKE IT,80,3A,784100192,ok,161.61,1.25,160.0,4B,0.715,4B,0.699,3B,
71546,Ruman,Trains in the Mountains,124,12B,3982369811,ok,140.02,3.8,140.0,7B,0.578,8A,0.581,4A,
215419,Pearson Sound,Glass Eye,122,8A,95362244,ok,122.04,3.36,122.0,8A,0.63,8A,0.652,8A,
76689,Malesa,Brujas,87,9A,2856835392,ok,139.44,0.51,70.0,9A,0.92,9A,0.847,9A,
223573,KØLPØS,Manipulación mental,135,8B,2651946582,ok,135.05,3.81,135.0,7B,0.431,3A,0.393,6A,
88474,"Woolfy, Projections",Walkaway (Fantastic Man's Atmospheric Dub) (Fantastic Man's Atmospheric Dub),113,10B,1752642807,ok,113.27,3.41,113.0,7A,0.706,7A,0.609,6A,
105716,Serge Gainsbourg,Melody,156,9A,14404600,ok,178.21,1.36,177.0,11A,0.966,11A,0.937,11A,
8300,"Sultan + Shepard, Elderbrook",I'll Be Here,122,8B,2674691412,ok,121.98,3.71,122.0,8B,0.873,8B,0.921,8B,
91046,MOI,MOI006 A,127,10B,142189629,ok,127.01,3.91,127.0,10B,0.663,8A,0.607,7A,
176563,RooneyNasr,On A Mission,138,9B,3153462171,ok,137.25,3.06,138.0,9B,0.876,9B,0.793,6A,
193856,GSSG,Cladonia Stellaris,95,7B,3135491151,ok,126.69,3.98,127.0,7B,0.787,7B,0.729,5A,
12066,Dr. Alban,Sing Hallelujah! (Long),125,4A,3801341622,ok,124.73,3.71,125.0,4A,0.724,7B,0.621,3A,
186856,Public Symphony,Wings (Instrumental),124,4A,1843196957,ok,141.18,0.33,155.0,4A,0.862,4A,0.882,4A,
108741,Fluke,Mosh,110,10B,3134004,ok,109.87,3.67,110.0,10B,0.861,10B,0.809,10B,
148043,Dottie West,Are You Happy Baby?,114,12B,627424142,ok,83.56,3.88,83.0,1B,0.828,1B,0.811,1B,
36726,Dialog,Only If You Know (Version),66,5A,3896609331,ok,131.99,3.28,132.0,5A,0.942,5A,0.955,5A,
33515,Jas,Dirty Carnival Music,132,8B,11667121,ok,131.86,3.36,132.0,8B,0.924,8B,0.875,8A,
92,Vales,The Funk,126,5A,3822695781,ok,62.94,3.19,126.0,3A,0.759,3A,0.796,4A,
116297,"DJ Chus, Cevin Fisher",Everytime I Try (Extended Mix),123,6A,3466234001,ok,124.98,3.27,125.0,1A,0.458,5B,0.401,4A,
35945,VC-People,Dance Macabre (Suite Version),119,9B,773904002,ok,118.72,3.13,119.0,6A,0.936,6A,0.829,9B,
126451,Bronski Beat,I Feel Love / Johnny Remember Me (Remastered),139,8A,428735842,ok,110.8,3.4,114.0,9B,0.679,9B,0.686,8A,
139098,Avicii,Waiting For Love (Carnage & Headhunterz Remix),128,11A,103598034,ok,128.07,2.97,128.0,11A,0.901,11A,0.926,11A,
112443,AMMIL,Rock the Disco (Radio Edit),131,10A,3893573201,ok,131.07,3.66,131.0,6A,0.945,6A,0.877,6A,
76003,"Dubfire, Flug",Friction,140,3A,2972818801,ok,139.97,2.95,140.0,4A,0.846,4A,0.756,4A,
31982,Huerco S.,Plonk VI,124,5A,4021077411,ok,122.68,0.73,155.0,5A,0.807,5A,0.836,6A,
175505,Bart Skils,For Your Eyes,126,3B,2255111487,ok,125.96,3.78,126.0,3B,0.879,3B,0.838,11A,
132694,evilgiane,Slow Month,75,5A,4053489201,ok,149.95,1.4,150.0,5A,0.944,5A,0.908,5A,
181935,Akkord,3Dos,65,5A,3118331561,ok,129.95,3.65,130.0,12B,0.751,12B,0.795,1A,
219367,Dillon,Tip Tapping,135,8A,486399812,ok,134.87,2.06,134.0,8A,0.846,8A,0.925,8A,
144170,BLOND:ISH,Call My Name (Extended Mix),124,8A,3422829101,ok,123.96,2.47,124.0,8A,0.944,8A,0.876,8A,
89090,Alix Perez,Evil Twin,141,10B,3804881792,ok,139.63,1.7,70.0,7A,0.82,10B,0.696,10B,
27120,The Flamingos,Only Have Eyes for You,89,8B,140044655,ok,178.21,1.26,180.0,8B,0.928,8B,0.906,8B,
116349,The Ballroom,"Baby, Please Don't Go",102,11B,131340012,ok,101.52,3.56,102.0,8A,0.894,8A,0.79,8A,
114408,Ziak,CATWALK,71,4A,4001040691,ok,68.66,1.98,140.0,12A,0.881,12A,0.784,12A,
31430,Gamma Intel,Panthera Leo,66,9B,2198570097,ok,133.14,2.8,133.0,10B,0.823,10B,0.835,11A,
110943,Kolombo,I Control The Night (Extended Mix),125,8B,3350155391,ok,124.49,3.9,125.0,8A,0.917,8A,0.875,8A,
41670,Kepler,Confusion,133,12B,2344410845,ok,133.07,3.37,133.0,9A,0.774,9A,0.674,9A,
242508,Wollion,The Reminder (Extended Mix),128,8A,4097166921,ok,127.51,2.88,128.0,7A,0.796,8A,0.758,8A,
148579,Michel Lauriola,Hollow,93,7B,3296014171,ok,129.96,0.35,30.0,7B,0.809,7B,0.73,7B,
227772,The Stooges,Ann (2019 Remaster),102,12A,797508712,ok,100.99,2.98,102.0,12A,0.531,11B,0.509,12A,
23299,Fasme,Crying Robot,132,9B,3345286751,ok,132.01,2.39,132.0,9B,0.879,9B,0.803,6A,
58604,Mathys Lenne,Basic Instinct,134,5A,3230453271,ok,134.07,3.5,134.0,4B,0.519,1A,0.488,4B,
99256,Motorcycle,As the Rush Comes (Gabriel & Dresden Sweeping Strings Mix),135,10A,601827062,ok,135.68,3.14,136.0,10A,0.746,10A,0.799,9A,
239831,Survival Paradox,Involuntary Memory Downlink,141,7B,3627816272,ok,129.99,3.65,132.0,4A,0.637,7B,0.642,9A,
86373,Nick John,We Stand Together,130,2A,4030247841,ok,129.01,2.1,129.0,2B,0.791,2B,0.878,2B,
196039,Stand High Patrol,Too Much Noise,122,9A,3938681091,ok,122.04,2.71,122.0,9A,0.908,9A,0.871,9A,
90239,Audio Units,Frame Dragging,141,4A,2517004231,ok,141.08,3.84,141.0,8B,0.576,8B,0.586,4A,
180019,Günter Schickert,Apricot Brandy II,90,12B,493287002,ok,124.02,1.32,151.0,7B,0.715,7B,0.618,11A,
161647,Genius of Time featuring Matinda,Kinetic,124,6A,3188114191,ok,124.0,3.73,124.0,7B,0.701,4A,0.642,6A,
60863,"Cosey Fanni Tutti, Daphne Oram",Tributum,90,5B,3571290381,ok,129.94,1.82,130.0,8B,0.742,8B,0.693,7B,
66021,Alume,Twu'a Ta,120,12A,675289622,ok,119.89,3.72,120.0,12B,0.818,12B,0.833,11A,
154597,Meggy Mac,Cookie Dough,126,6A,3945544011,ok,125.9,3.61,126.0,6A,0.784,6A,0.844,6A,
206888,"Gordo, Nicki Nicole, Sech",Cafecito,121,4A,2822438172,ok,121.65,3.44,121.0,4B,0.802,4B,0.889,4B,
142792,Zopelar,Night Rider (Felipe Gordon Remix),126,4A,3850996651,ok,126.01,2.84,126.0,4A,0.707,4A,0.625,2A,
132064,Buffalo,Intro: Pound Of Flesh,129,9A,81292464,ok,130.77,3.22,132.0,9A,0.898,9A,0.824,9A,
116925,Brian Eno,Here Come The Warm Jets (2004 Digital Remaster),66,5B,3093654,ok,128.22,0.65,129.0,6B,0.847,5B,0.841,6B,
30321,Trellion,Me Again,75,12B,1353760802,ok,150.14,2.96,75.0,1B,0.703,1B,0.657,9A,
181536,X CLUB.,1000 FACES,141,12B,2832118872,ok,141.02,2.87,140.0,4A,0.747,4A,0.717,4A,
197588,William Arist,Do You Know How To Read?,127,8A,2206862317,ok,127.06,3.73,127.0,9B,0.767,9B,0.665,6A,
186299,DJ K,Beat Distorce Mente,84,11A,2317209505,ok,135.08,1.35,134.0,7A,0.654,10B,0.582,7A,
109,KI/KI,Going Existential In The Rave,148,11B,4032297641,ok,147.8,1.43,148.0,8A,0.887,8A,0.788,12B,
87431,Roska,Without It (Remastered),128,6A,1456325822,ok,127.98,1.91,128.0,6A,0.749,6A,0.678,9B,
206557,"Raffa Fl, Sam Green",Rakata,127,8A,2669125902,ok,127.07,2.63,127.0,8A,0.921,8A,0.895,8A,
148827,Danell Dixon,Dance Dance (Satoshi Fumi Re-edit of DJ Pierre Remix),125,2A,2635251612,ok,125.0,3.33,125.0,1A,0.806,1A,0.918,1A,
239656,Burnski,The Way,127,10A,2103384837,ok,126.76,3.61,127.0,9A,0.885,9A,0.823,10A,
175399,Patrick Siech & Sandra Mosh,Synchrony,140,6B,1457432272,ok,140.08,3.58,140.0,3A,0.896,3A,0.854,3A,
134392,Thomass Jackson,Here We Go,125,7B,3408841851,ok,125.1,3.8,125.0,7B,0.881,7B,0.829,3A,
19152,Chinaski,Fun House,127,8A,1644265532,ok,128.64,3.21,127.0,8A,0.793,8A,0.77,8A,
75165,giacca. & Flores [US],New Monday (Extended Mix),122,10B,105499442,ok,121.99,3.85,122.0,7A,0.891,7A,0.783,7A,
120258,Kassel Jaeger,Carcosan Cycles,102,9A,3057947561,ok,130.47,0.39,30.0,9B,0.664,9B,0.709,9B,
159000,Nelson of the East,Night Frames,122,7A,500701402,ok,122.29,2.94,122.0,7A,0.804,7A,0.753,10A,
181232,"Kassel Jaeger, Jim O'Rourke",In Cobalt Aura Sleeps 2,130,8B,3256953171,ok,137.84,0.28,155.0,8B,0.833,8B,0.792,8B,
226377,John Lee Hooker,Real Real Gone,125,2B,1122826932,ok,172.27,0.44,125.0,10A,0.721,1B,0.61,1B,
98637,NIKEN,Chapter Two,128,3A,3602870202,ok,127.97,2.99,128.0,2A,0.91,2A,0.809,2A,
98779,Matara,Strike Mode,130,3B,3962515961,ok,129.58,2.54,130.0,3B,0.583,3B,0.584,12A,
42188,EQD,Eqd#003a,162,6A,486371522,ok,129.2,3.76,130.0,4A,0.587,4A,0.596,4A,
114114,Proxima,Trapped,140,12A,3187282801,ok,139.54,2.83,70.0,12B,0.932,12B,0.922,9A,
219068,Roi,Faith And Oath,135,8B,3819594061,ok,135.09,3.52,135.0,5A,0.751,5A,0.692,4A,
205628,Saumon,Thanatos,126,9B,3140769021,ok,163.69,3.05,165.0,9B,0.675,7B,0.573,7B,
3459,Interstate,I Found You,133,12A,5958872,ok,132.12,0.68,133.0,12A,0.912,12A,0.89,12A,
179871,Aphex Twin,Yellow Calx,83,12B,29372821,ok,110.92,1.72,166.0,9A,0.757,11B,0.752,10A,
153886,"Kinky Movement, Mikey V",Raise It Up (Animist Remix),125,5A,1037093622,ok,124.93,3.79,125.0,8B,0.589,8B,0.58,9A,
232502,"Ragie Ban, Royal Cinema",Rebels (feat. Royal Cinema),128,6A,3450926631,ok,128.43,2.5,128.0,6A,0.902,6A,0.963,6A,
96899,Cabaret Voltaire,Moscow (Remastered),159,10B,76558374,ok,100.43,0.71,157.0,10B,0.853,10B,0.857,10B,
55093,Boris S.,303 Dark Angels,155,10A,871685132,ok,154.97,2.76,155.0,10A,0.734,10A,0.671,1A,
160511,"The Deepshakerz, Kid Enigma",Escape (Original Mix),126,10A,2995103081,ok,126.01,3.69,126.0,10A,0.87,10A,0.803,10A,
193392,Formule Express,Apple Pie,124,7A,474539752,ok,124.0,3.67,124.0,7B,0.819,7B,0.85,6B,
193804,"Fhase 87, Synthlab Records",Human Theory,142,10A,3033930781,ok,142.07,3.73,142.0,8B,0.614,8B,0.671,1A,
172927,NØNE,SEqMOd,141,5A,3316729001,ok,140.97,3.84,141.0,6A,0.612,6A,0.612,5A,
19099,Together,Hardcore Uproar,122,8A,2064815927,ok,121.4,3.8,121.0,8A,0.897,8A,0.853,8A,
64538,Duncan Thomas,FLIX 1000,128,7B,3880346431,ok,64.09,2.12,128.0,7B,0.91,7B,0.797,4A,
164977,SHY FX,This Style,85,11B,432425352,ok,172.27,2.52,169.0,6A,0.579,6A,0.537,12A,
213988,Eric Cloutier,Sciamachy (Original MIx),127,10A,1567923472,ok,127.91,3.83,127.0,9B,0.84,9B,0.812,6A,
151757,Uncertain,Courage,142,1A,2654359492,ok,141.88,2.98,142.0,1A,0.825,1A,0.791,1A,
108928,Tobias Lueke,Elements,130,11B,750793572,ok,130.04,3.88,130.0,3B,0.515,4A,0.616,3A,
81966,Gary Caos vs. Rico Bernasconi feat. In-Grid,La Trompette (Radio Edit),128,7A,721305252,ok,128.71,1.67,128.0,10B,0.867,10B,0.807,11B,
155954,David Bowie,1984 (2016 Remaster),117,7A,141819829,ok,117.72,2.95,118.0,7A,0.874,7A,0.897,7A,
64656,Plan B,¿por Que Te Demoras?,96,7A,3343944461,ok,95.99,3.91,96.0,8A,0.867,11B,0.793,8A,
169539,Marco Ferrantelli,Cheloniidae,95,4A,3784245792,ok,126.67,3.79,127.0,4A,0.946,4A,0.889,4A,
124470,Cold Blue,White Lights (Extended Mix),138,8A,3601675912,ok,138.12,3.8,138.0,8A,0.932,8A,0.83,8A,
194360,Florian Gasperini,Liminal,125,9B,4086341291,ok,125.06,4.0,125.0,6A,0.961,6A,0.873,6A,
201201,Sparrow & Barbossa,Azucar (Band&Dos Remix),124,4A,1842073257,ok,123.98,3.87,124.0,4A,0.866,4A,0.761,4A,
184221,DJ co.kr,Skankin (feat. Killa P),101,7A,4059995201,ok,134.91,2.26,136.0,10B,0.676,8A,0.608,10A,
203837,Tensen Park,Roll4Ever,116,11A,3991367671,ok,116.82,1.9,116.0,11A,0.784,12A,0.809,12A,
98720,Tech D,Personality,122,7A,3416250821,ok,122.03,3.98,122.0,7A,0.966,7A,0.857,10B,
4840,Juliet Mendoza,So Good,125,11A,3922649561,ok,123.65,2.57,125.0,11A,0.794,11A,0.857,11A,
217198,Rotterdam Remix Project,Loving You (X Rated Mix),123,11A,2952805391,ok,81.44,0.62,62.0,11B,0.825,11B,0.877,11B,
188727,Drug Store Romeos,Now You're Moving,96,2A,764601172,ok,95.76,2.75,96.0,2A,0.904,2A,0.831,2A,
30385,Castion,Boys Go Loco (Extended Mix),129,9A,3851915151,ok,128.87,4.05,129.0,1A,0.65,1A,0.662,1A,
184471,Alpha Tracks,Double Exposure,118,4B,1468596392,ok,154.09,1.03,157.0,4B,0.874,4B,0.809,4B,
215912,Morry,Fatamorgana,120,9B,3041908391,ok,119.94,2.45,120.0,6A,0.941,6A,0.858,6A,
59039,Body Ocean,Red Flags,123,11B,1103794792,ok,122.9,3.56,123.0,7A,0.907,10B,0.783,7A,
120911,Barry White,"Never, Never Gonna Give Ya Up",85,7A,540138242,ok,166.51,3.01,84.0,7A,0.85,7A,0.824,7A,
85717,Machinedrum,BL0000M,136,2B,3985469701,ok,136.01,3.54,136.0,2A,0.846,2A,0.864,2A,
183287,"DJ Red Alert, Mike Slammer",In Effect (DJ Slipmatt Remix),158,4A,1269290872,ok,80.16,2.87,161.0,5A,0.602,5A,0.623,9A,
6356,Born To Funk,Souma Bana (Main Mix),128,3A,3157145501,ok,128.1,3.78,128.0,3A,0.752,4A,0.743,10A,
108824,Orquesta De Las Nubes,Parte II,114,1B,1303485,ok,116.68,0.38,155.0,5A,0.482,5A,0.518,8A,
169338,B Jack$,Hottie,126,10A,3808790122,ok,125.96,2.48,126.0,2B,0.394,2B,0.416,10A,
167463,Suzanne Kraft,Scripted Space,89,7B,137529311,ok,172.27,1.23,90.0,4A,0.941,4A,0.833,4A,
200450,Psymon Spine,Jumprope (Love Injection Euphoric Mix),119,8A,1618347362,ok,119.01,3.88,119.0,10A,0.9,1B,0.801,10A,
168632,JLTZ,Frenesia,130,5B,1499345452,ok,129.71,3.12,130.0,4B,0.408,4B,0.383,2A,
184289,Lucas Boston,Sweat on The Walls,143,10A,4109034431,ok,143.06,3.41,143.0,2B,0.772,2B,0.699,8A,
74876,Fille,Time is a Circle (Sestrica Remix),83,8B,3185813601,ok,132.0,2.81,132.0,5A,0.871,5A,0.82,5A,
34622,Inner City,Big Fun (DJ PP & Jerome Robins Extended Remix),125,2A,2351897565,ok,124.9,3.83,125.0,4B,0.861,2A,0.747,1A,
5163,Unsho,topmodel,133,9A,3766987852,ok,133.03,2.8,133.0,9A,0.685,9A,0.787,8A,
16214,Speed89,Battle For The Mind (Extended Mix),155,7B,3649618712,ok,153.92,2.9,155.0,7B,0.904,7B,0.86,4A,
9085,Instant Funk,(Just Because) You'll Be Mine (A Shep Pettibone Mix),115,9B,3725751962,ok,114.48,3.57,115.0,8A,0.819,8A,0.831,8A,
213672,Kelis,Milkshake 20 (Alex Wann Remix),118,7A,3804157712,ok,117.85,2.2,118.0,7A,0.877,7A,0.896,7A,
214749,Sascha Funke,E-Plus,128,5A,1868778287,ok,128.03,2.84,128.0,2B,0.445,3B,0.468,4A,
82770,Diana Ross,Brown Baby/Save The Children,91,5A,5467522,ok,92.99,2.48,93.0,5A,0.827,5A,0.798,4A,
1313,Cassius,The Sound of Violence (Cosmo Vitelli),120,1A,120536256,ok,118.52,3.43,120.0,1A,0.947,1A,0.97,1A,
55274,Dropa,Release Me (Original Mix),126,7B,3610991752,ok,126.05,3.87,126.0,7B,0.94,7B,0.892,7B,
79,X & Ivy,Broken Jam,133,7A,3842857381,ok,133.01,3.66,133.0,7A,0.709,8B,0.699,7A,
94089,beatsbyhand,Trick Me (Atmos Blaq Remix),120,1A,3910996921,ok,120.0,3.45,120.0,4B,0.906,4B,0.852,1A,
53626,DJ Life,Biohazard,132,6A,3577969481,ok,132.01,3.81,132.0,5A,0.761,5A,0.751,10A,
10532,Maask,Selco Pigeons,138,5A,4002076361,ok,184.57,1.02,138.0,5A,0.874,5A,0.848,5A,
86388,Step by Step,I Always Wanted To Be In The Band,122,11B,3588337981,ok,122.46,2.64,122.0,11B,0.816,11B,0.784,10A,
170255,Fabio King,Special Love,130,11A,56951441,ok,129.21,3.63,130.0,4B,0.635,4B,0.636,12A,
226949,The Frightnrs,Sharon,135,10A,103997948,ok,135.17,3.23,135.0,9A,0.85,9A,0.786,9A,
96601,Chaka Khan,Like Sugar,107,10B,630799822,ok,107.15,2.96,107.0,7A,0.958,7A,0.847,7A,
88123,R-010,Comba,142,6A,2532111921,ok,142.09,3.68,142.0,2B,0.418,2B,0.446,12A,
194706,Sentin,With You,121,7A,3733715072,ok,121.06,3.82,121.0,7A,0.915,7A,0.885,7A,
