id,artist,title,bpm,key,deezer_id,status,mp3_bytes,deezer_title,deezer_bpm_meta,deezer_dur,ess_bpm,ess_conf,lib_bpm,key_edma,keyraw_edma,keystr_edma,key_edmm,keyraw_edmm,keystr_edmm,err
221853,Petar Dundov,Quinta,123,10B,14849850,ok,479827,Quinta,164.1,614,123.05,3.91,123.05,10B,D major,0.941,7A,D minor,0.885,
192637,Charlie Rice,Time To Slide,65,8A,3968663351,ok,480245,Time To Slide,0,375,65.49,1.93,86.13,7B,F major,0.546,7A,D minor,0.579,
205200,SPF 50,The Rush,138,1A,3300835361,ok,479827,The Rush,0,312,138.12,3.77,136.0,1A,Ab minor,0.517,1A,Ab minor,0.525,
141240,Leila Samir,Ends,120,8B,1472364362,ok,479827,Ends,0,246,119.86,3.13,60.09,9A,E minor,0.851,9A,E minor,0.814,
67187,ex.sses,sanguine,136,9A,3019134761,ok,479827,sanguine,0,242,136.01,1.12,107.67,8B,C major,0.648,5A,C minor,0.52,
15239,Brunello,Melted (Dusty Clown Mix),125,7A,3530713021,ok,479827,Melted (Dusty Clown Mix),0,387,124.92,3.29,123.05,7A,D minor,0.902,7A,D minor,0.894,
188154,"Joe Armon-Jones, Maxwell Owin",Idiom (feat. Oscar Jerome),145,9A,2960397191,ok,479827,Idiom (feat. Oscar Jerome),0,276,109.47,0.39,136.0,9A,E minor,0.937,9A,E minor,0.939,
154509,Bigwig,Moc Paproci,143,1B,6432897,ok,479827,Moc Paproci,143.1,429,143.2,3.08,143.55,10A,B minor,0.775,10A,B minor,0.72,
202308,SOLI (EG),Give Me Your Mind,125,1B,2440156665,ok,479827,Give Me Your Mind,0,353,124.98,2.81,123.05,1B,B major,0.857,10A,B minor,0.729,
102751,Made By Pete,Horizon Red (Extended),122,9B,2197505957,ok,479827,Horizon Red (Extended),0,427,122.05,3.93,123.05,10B,D major,0.68,6A,G minor,0.53,
125388,Vesy,Mia (Original Mix),122,8A,1185519822,ok,479827,Mia (Original Mix),0,416,121.95,3.9,123.05,8A,A minor,0.916,8A,A minor,0.927,
93488,Carré,Meltdown (dBridge Remix),119,4A,3388726281,ok,479827,Meltdown (dBridge Remix),0,318,80.1,3.84,80.75,4A,F minor,0.858,4A,F minor,0.803,
229336,Progreg,Deep Harmony (Absolution Remix),122,9A,112999938,ok,479827,Deep Harmony (Absolution Remix),0,395,122.54,3.85,123.05,9A,E minor,0.968,9A,E minor,0.933,
76261,Björk,I Go Humble,133,11B,2629551382,ok,479827,I Go Humble,0,286,104.55,1.22,103.36,11A,F# minor,0.676,11A,F# minor,0.651,
170116,Seth Hills,Eclipse,126,6B,2343992105,ok,480245,Eclipse,0,172,166.62,2.16,172.27,3A,Bb minor,0.848,3A,Bb minor,0.793,
74123,K2W0,Bodies & Floor,108,8B,2251122607,ok,479827,Bodies & Floor,0,303,108.02,3.24,107.67,5A,C minor,0.934,5A,C minor,0.902,
113064,Distance,Taipan (Original Mix),138,1A,768636702,ok,479827,Taipan (Original Mix),0,308,139.96,3.07,92.29,3B,C# major,0.412,3A,Bb minor,0.445,
207915,The Golden Filter,Cut My Hair,119,7B,603085102,ok,479827,Cut My Hair,0,318,119.05,3.77,117.45,7B,F major,0.895,4A,F minor,0.79,
18769,Tony Esposito,Kalimba de Luna,127,7A,3555747,ok,479827,Kalimba De Luna,110.5,302,110.64,3.57,112.35,7A,D minor,0.925,7A,D minor,0.935,
155405,The Church,The Unguarded Moment (2002 Remastered),97,8B,7272400,ok,479827,The Unguarded Moment (2002 Remastered),135.1,256,135.53,3.35,136.0,8B,C major,0.959,5A,C minor,0.728,
44999,STUCKINWAVEFORMS,choose your weapons!,155,7A,3916508671,ok,479827,choose your weapons!,0,207,102.98,1.19,103.36,7A,D minor,0.722,7A,D minor,0.765,
240239,Underworld,Another Silent Way,125,6B,1077059062,ok,479827,Another Silent Way,0,328,124.98,3.5,123.05,4A,F minor,0.497,4A,F minor,0.548,
60704,Autarkic,A Number by I. Grosz,121,12B,1384375042,ok,480245,A Number by I. Grosz,0,293,120.99,3.95,123.05,12B,E major,0.834,9A,E minor,0.735,
81453,james K & Yushh,Idea.2 (Yushh Remix),125,12B,3981626011,ok,479827,Idea.2 (Yushh Remix),0,266,125.02,1.75,123.05,10A,B minor,0.856,10A,B minor,0.831,
109769,Tommy Vicari Jnr,U May Not,122,2A,3136615101,ok,480245,U May Not,0,348,122.03,3.7,123.05,2A,Eb minor,0.727,2A,Eb minor,0.728,
176421,Little Simz (feat. Obongjayar),Lion,100,5A,3395725621,ok,479827,Lion,0,177,100.15,2.85,99.38,5A,C minor,0.932,5A,C minor,0.921,
61228,King Midas Sound,Without You (D-Bridge Revoice),70,1A,14151699,ok,479827,Without You (D-Bridge Revoice),140.15,252,140.23,1.21,69.84,3A,Bb minor,0.62,3A,Bb minor,0.533,
1098,Eddie Fowlkes,That's What I Think About,123,6B,3155917751,ok,479827,That's What I Think About (Mixed),0,193,124.05,3.88,123.05,3A,Bb minor,0.913,3A,Bb minor,0.861,
225845,Delroy Edwards,Snake Eyes,120,8A,3149559661,ok,479827,Snake Eyes,0,234,119.91,3.77,117.45,8B,C major,0.502,5A,C minor,0.405,
77742,Abul Mogard,Quiet Dreams,149,1B,3286018121,ok,479827,Quiet Dreams,0,548,155.14,0.28,117.45,1A,Ab minor,0.701,1A,Ab minor,0.699,
159437,Kate Bush,Waking The Witch,154,1B,2173954757,ok,479827,Waking The Witch,0,258,104.03,0.37,152.0,12B,E major,0.818,12A,C# minor,0.755,
87127,The Braxtons,The Boss (Masters At Work Dub),124,10A,912437672,ok,479827,The Boss (Masters At Work Dub),0,437,123.91,3.84,83.35,10B,D major,0.763,10A,B minor,0.676,
59397,D.O.D,So Much In Love (Sub Focus Remix),88,9B,2357433245,ok,479827,So Much In Love (Sub Focus Remix),0,235,116.63,2.89,117.45,10B,D major,0.752,10A,B minor,0.752,
19272,Clubland,Let's Get Busy (Original East End Goes North Mix),122,8A,718465662,ok,479827,Let's Get Busy (Original East End Goes North Mix),0,344,121.38,3.75,123.05,8B,C major,0.509,9A,E minor,0.357,
218725,Roberto Ribeiro,Acreditar,100,5B,18231476,ok,479827,Acreditar,172.3,230,85.91,2.6,112.35,8B,C major,0.846,8A,A minor,0.717,
228338,David Guetta,Shot Me Down (feat. Skylar Grey) (Radio Edit),102,4A,74457141,ok,479827,Shot Me Down (feat. Skylar Grey) (Radio Edit),128,191,128.54,2.2,129.2,4A,F minor,0.853,4A,F minor,0.85,
139522,Tyke,Tell Me,130,7B,2124383917,ok,479827,Tell Me,0,94,71.54,1.18,71.78,3A,Bb minor,0.932,3A,Bb minor,0.889,
192654,Maetrik,Choose Your System,126,12A,63485896,ok,479827,Choose Your System,126,367,125.95,3.75,83.35,1A,Ab minor,0.7,1A,Ab minor,0.712,
84095,Nightmares On Wax,Back to Nature,93,7A,511108972,ok,479827,Back to Nature (Edit),0,276,149.05,3.34,152.0,7A,D minor,0.865,7A,D minor,0.908,
160662,Rebekah Del Rio,No Stars,120,5B,386560841,ok,479827,No Stars,119.84,440,79.11,1.93,123.05,5B,Eb major,0.787,5A,C minor,0.794,
57389,Jeffrey Silverstein,Sunny Jean,120,6B,3938039321,ok,479827,Sunny Jean,0,273,120.25,3.4,123.05,5A,C minor,0.795,5A,C minor,0.819,
74098,Michael Gray,Beautiful (Original Mix),126,10B,4002834621,ok,479828,Beautiful (Original Mix),0,209,122.43,3.0,123.05,10B,D major,0.803,9A,E minor,0.75,
89269,OT Quartet,Hold That Sucker Down (Builds Like a Skyscraper Mix),129,10A,1138588942,ok,479828,Hold That Sucker Down (2020 Remaster) (Builds Like A Skyscraper Mix),0,399,129.04,3.96,129.2,9A,E minor,0.826,9A,E minor,0.868,
23200,Phasic 18,Value,137,11A,3078406581,ok,479827,Value,0,350,136.68,3.2,136.0,11A,F# minor,0.414,11A,F# minor,0.368,
124876,Peter Van Hoesen,Circumference 12,128,7A,394843822,ok,479827,Circumference 12,128,398,128.03,3.76,129.2,7A,D minor,0.699,7A,D minor,0.745,
19083,A Guy Called Gerald,Voodoo Ray (Rham On Acid '89 Remix),120,11B,4052864831,ok,479827,Voodoo Ray (Rham On Acid '89 Remix),0,378,121.35,3.7,123.05,8A,A minor,0.808,8A,A minor,0.773,
3395,Rank 1,Symfo (Sunrise Festival Theme 2009) (Radio Edit),126,4B,74493620,ok,479827,Symfo (Sunrise Festival Theme 2009) (Radio Edit),132.1,162,131.8,2.3,89.1,2A,Eb minor,0.781,2A,Eb minor,0.782,
123727,The Electric Prunes,Holy Are You,73,9A,753139,ok,479827,Holy Are You,152,249,152.26,3.11,152.0,9A,E minor,0.87,9A,E minor,0.835,
233975,Anja Schneider,Squelch,132,6A,3494417351,ok,479827,Squelch,0,319,132.05,3.83,129.2,9B,G major,0.71,6A,G minor,0.674,
239496,DJ Zinc,Super Sharp Shooter (Zed Bias Remix),88,1A,3327627471,ok,479827,Super Sharp Shooter (Zed Bias Remix),0,325,129.81,1.79,129.2,8A,A minor,0.642,8A,A minor,0.697,
192734,Lowtec,Coldred,122,7B,2204097697,ok,479827,Coldred,0,418,121.96,3.48,123.05,12B,E major,0.666,9A,E minor,0.546,
88597,Eitan Reiter,Pump Up The Jam (DJ T. Remix - Mixed - April 2023),126,8B,2226674187,ok,479827,Pump Up The Jam (DJ T. Remix - Mixed - April 2023),0,306,125.97,3.62,123.05,8B,C major,0.934,5A,C minor,0.757,
4116,Adlas,Active Effort,139,7A,3592004582,ok,479827,Active Effort,0,347,139.05,3.48,92.29,7B,F major,0.608,4A,F minor,0.463,
200976,"Space Motion, Stylo, Joezi",Mambo Jambo,122,5A,2514514181,ok,479827,Mambo Jambo,0,371,121.99,3.74,123.05,11A,F# minor,0.289,5A,C minor,0.292,
68814,Rafman,Dimelo,105,12B,3250584441,ok,479827,Dimelo,0,304,122.15,2.45,123.05,8A,A minor,0.838,8A,A minor,0.847,
127596,"Crosby, Stills & Nash",Fair Game,86,9B,6030552,ok,479827,Fair Game,171.6,212,85.0,2.67,172.27,9B,G major,0.91,6A,G minor,0.849,
188123,T99,Anasthasia 2016 (Out Of History Extended Rework),104,7A,133596178,ok,479827,Anasthasia 2016 (Out Of History Extended Rework),128,287,127.98,3.44,129.2,8B,C major,0.74,6A,G minor,0.613,
88165,"FBC, VHOOR",Delírios (Instrumental),130,2A,1576031172,ok,479827,Delírios (Instrumental),0,164,130.04,2.59,129.2,2A,Eb minor,0.9,2A,Eb minor,0.868,
54542,Plug,Who's In The House,83,11A,3990385441,ok,479827,Who's In The House,0,436,110.65,1.9,112.35,10B,D major,0.616,7A,D minor,0.501,
10455,FFF,Too Shallow,83,1B,3935480531,ok,479827,Too Shallow,0,374,82.37,3.64,83.35,3B,C# major,0.298,12A,C# minor,0.252,
195048,DJ Soul Slinger,Abducted (T-Power Rmx),147,6A,775625402,ok,479827,Abducted (T-Power Rmx),0,328,111.96,1.78,112.35,5A,C minor,0.74,5A,C minor,0.781,
211733,Jad Atoui,Reaching Heart,143,5A,4033945851,ok,479827,Reaching Heart,0,362,101.72,0.3,103.36,5A,C minor,0.59,5A,C minor,0.619,
98010,Inox Traxx,Free,138,9A,3248223031,ok,479828,Free,0,167,138.08,2.87,136.0,9A,E minor,0.791,9A,E minor,0.8,
14248,The Streets,It's Too Late (feat. Jacqueline Rawe),65,6B,2140406,ok,479827,It's Too Late,0,250,130.01,2.55,129.2,6B,Bb major,0.839,6A,G minor,0.772,
144426,Discovery Zone,Library Copy Do Not Remove,83,7B,3820792561,ok,479827,Library Copy Do Not Remove,0,462,83.05,1.52,117.45,7B,F major,0.91,4A,F minor,0.782,
217861,Digby & Oliver,Seven Stones,127,7A,1344664842,ok,479827,Seven Stones,0,602,126.63,2.59,172.27,8B,C major,0.691,5A,C minor,0.611,
147781,Throwing Muses,Vicky's Box,131,8A,13394906,ok,479827,Vicky's Box,176.7,307,130.28,3.26,129.2,8A,A minor,0.833,8A,A minor,0.888,
173740,MINUS 8,Runaway - Tweak's Dark Soul Version,123,11A,892780202,ok,239919,Runaway (Tweak's Dark Soul Version),0,419,123.16,3.22,161.5,11A,F# minor,0.874,11A,F# minor,0.884,
183836,Parallx,Smokey Nagata Supra [Drift On Acid],143,5A,2774908081,ok,479827,Smokey Nagata Supra [Drift On Acid],0,436,143.0,1.67,143.55,10B,D major,0.333,7A,D minor,0.272,
43441,Angela,I Gotta Little Love,109,12B,716244682,ok,479827,I Gotta Little Love,0,401,108.45,3.43,107.67,9A,E minor,0.883,9A,E minor,0.825,
64286,Masterkraft,Mufasa,96,4A,3997751071,ok,479827,Mufasa,0,244,113.89,3.77,112.35,3A,Bb minor,0.928,3A,Bb minor,0.902,
11950,Tom Baker,Train To Yakkyn (Extended Mix),125,4B,2273757707,ok,479827,Train To Yakkyn,0,343,125.09,2.88,123.05,1A,Ab minor,0.888,1A,Ab minor,0.9,
158737,Mario Lucio,Tema Di Minis (Daniel Haaksman Edit),115,6A,3786279212,ok,479827,Tema Di Minis (Daniel Haaksman Edit),0,237,114.9,3.17,117.45,6A,G minor,0.959,6A,G minor,0.919,
30585,rRoxymore,Am I Human?,121,4A,3329224711,ok,479827,Am I Human?,0,289,121.73,3.66,123.05,4A,F minor,0.923,4A,F minor,0.947,
3133,4 Strings,Take Me Away (Vocal Radio Mix),140,2A,572802522,ok,479827,Take Me Away (Into The Night) (Vocal Radio Mix),137.81,190,138.26,2.56,136.0,2A,Eb minor,0.789,2A,Eb minor,0.856,
208706,Magupi,Achha,100,5A,1576643222,ok,479827,Achha,0,340,99.96,2.65,99.38,5A,C minor,0.81,5A,C minor,0.795,
102300,Florian T M Zeisig,TG10,123,5A,3399011201,ok,479827,TG10,0,363,154.83,0.38,152.0,5A,C minor,0.942,5A,C minor,0.93,
44013,T&NE RECORDS,Children's Railway,142,11B,3393557051,ok,479827,Children's Railway,0,274,141.98,3.61,143.55,8A,A minor,0.941,8A,A minor,0.91,
13697,"Swanky Tunes, Shapo",Favela (Extended Mix),120,8A,3619857142,ok,479827,Favela,0,210,119.96,3.58,117.45,8A,A minor,0.759,8A,A minor,0.837,
168833,Jack Fresia,Nawa,138,8A,2223597457,ok,479827,Nawa,0,469,137.97,3.26,136.0,8A,A minor,0.402,8A,A minor,0.49,
75955,Stimming,22 Degree Halo,73,4A,2653045722,ok,479827,22 Degree Halo,0,484,121.02,3.75,123.05,4A,F minor,0.834,4A,F minor,0.782,
34657,Vampire Sex,Disco Party Baby (Original Mix),127,6B,2204567777,ok,479827,Disco Party Baby (Original Mix),0,190,127.01,3.7,129.2,6B,Bb major,0.698,3A,Bb minor,0.618,
206648,Vadon,Slow Down,124,2B,3897874901,ok,479827,Slow Down,0,194,123.57,1.82,123.05,11A,F# minor,0.868,11A,F# minor,0.798,
93892,Jamiroquai,Cosmic Girl (Dimitri from Paris Remix),120,12B,1095925822,ok,479827,Cosmic Girl (Dimitri from Paris Remix),0,497,119.96,1.87,123.05,11A,F# minor,0.869,11A,F# minor,0.838,
156254,Norman Connors,Anyway You Want,98,9B,370999701,ok,479827,Anyway You Want,98.44,206,97.61,2.85,99.38,9A,E minor,0.832,9A,E minor,0.838,
185397,SPD,Made of Glass,134,3A,3893938041,ok,479827,Made of Glass,0,445,133.88,2.04,136.0,4A,F minor,0.7,4A,F minor,0.694,
220713,Restless Soul Feat. Shea Soul,Turn Me Out (Version),108,7A,480595952,ok,479827,Turn Me Out (Version),0,233,108.03,3.98,143.55,7A,D minor,0.603,7A,D minor,0.688,
205112,Jak Stratford,El Groove,138,3A,3094227971,ok,480245,El Groove,0,363,138.03,3.61,136.0,3A,Bb minor,0.828,3A,Bb minor,0.828,
177314,HAFT,Avalanche,122,6A,3693827062,ok,479827,Avalanche,0,386,122.28,3.79,123.05,6A,G minor,0.973,6A,G minor,0.973,
85178,Chungo,Quando,129,10A,4059149121,ok,480245,Quando,0,254,128.64,1.87,129.2,10B,D major,0.684,7A,D minor,0.573,
135505,Heartthrob,Compu,125,8A,882733362,ok,479827,Compu,0,324,125.05,3.58,123.05,7B,F major,0.748,7A,D minor,0.54,
196507,"Skitz, Buggsy, RSD",Born Inna System (RSD Remix),71,8A,901314222,ok,479827,Born Inna System (RSD Remix),0,400,70.86,4.25,71.78,9B,G major,0.61,6A,G minor,0.464,
20634,Stephen Disario,The Marathon (Original Mix),142,3A,2120518297,ok,479828,The Marathon (Original Mix),0,302,94.66,1.83,95.7,11A,F# minor,0.355,11A,F# minor,0.411,
116366,Gaelle,Rain,126,1A,12517160,ok,479827,Rain,0,330,126.01,3.61,123.05,1A,Ab minor,0.924,1A,Ab minor,0.936,
61461,Andre Zimmer,Kwon's Anthem,130,6B,3513165591,ok,479827,Kwon's Anthem,0,223,129.51,3.87,129.2,6B,Bb major,0.851,3A,Bb minor,0.704,
16789,Die Selektion,Dir & Mir,110,9A,2191197437,ok,479827,Dir & Mir,0,257,109.63,1.76,143.55,9A,E minor,0.897,9A,E minor,0.823,
161248,lace,echo of a star,120,6B,3466042271,ok,479827,echo of a star,0,256,120.05,3.04,60.09,7B,F major,0.772,6A,G minor,0.727,
169412,Sandwell District,Surrender to the Unknown,130,4A,2252993477,ok,479827,Surrender to the Unknown,0,481,129.92,3.38,129.2,4A,F minor,0.913,4A,F minor,0.885,
192727,DJ Mayhem,Inesse,69,6A,2657527332,ok,479827,Inesse,0,474,94.63,0.38,143.55,6A,G minor,0.748,6A,G minor,0.687,
200333,Asyncronous,Blocks Of Despair,108,7A,2206631757,ok,479827,Blocks Of Despair,0,302,107.86,2.65,107.67,8B,C major,0.664,7A,D minor,0.623,
149038,Inland Knights,Summer Now,126,9B,3535783011,ok,479827,Summer Now,0,401,125.82,3.1,123.05,8B,C major,0.761,8A,A minor,0.712,
117217,Djavan,Estória De Cantador,90,7A,3442345,ok,479827,Estória De Cantador,101.8,255,101.03,2.98,103.36,9B,G major,0.898,9A,E minor,0.643,
157518,"Kid Fonque, DJ Whisky",Be (feat. Zaki Ibrahim & Herbert) (Herbert's Truth Dub),123,6A,3274893871,ok,479827,Be (feat. Zaki Ibrahim & Herbert) (Herbert's Truth Dub),0,372,123.05,3.92,123.05,6A,G minor,0.436,6A,G minor,0.369,
53657,Roach Motel,Wild Lu,124,12B,3156235841,ok,479827,Wild Luv,0,582,124.1,3.89,123.05,12A,C# minor,0.355,12A,C# minor,0.359,
127266,The Knightmen,Running (Running Original Mix),122,1A,3717590382,ok,479827,Running (Keep Busy Original Mix),0,291,124.05,3.22,123.05,10A,B minor,0.534,10A,B minor,0.512,
14909,Chique,I Feel Good (Extended Mix),124,7B,3979418411,ok,479827,I Feel Good,0,127,123.93,3.25,123.05,7B,F major,0.827,4A,F minor,0.727,
160419,aya,heat death,140,3A,3186325391,ok,479827,heat death,0,231,139.89,3.26,136.0,12A,C# minor,0.343,12A,C# minor,0.252,
82415,Sedat The Turkish Avenger,Feel Inside,131,9B,3594830752,ok,479827,Feel inside (Mixed),0,73,131.67,3.67,66.26,9B,G major,0.83,6A,G minor,0.596,
32737,Kreggo,Fugu Slap!,111,7A,3666752492,ok,480245,Fugu Slap!,0,269,133.11,3.3,136.0,8A,A minor,0.714,8A,A minor,0.682,
94240,Al Wootton,Midnight Paseo,132,5B,2863579792,ok,479827,Midnight Paseo,0,422,131.94,3.68,129.2,4B,Ab major,0.583,1A,Ab minor,0.407,
55395,Ben Böhmer,Martin,78,3B,2833595072,ok,479827,Martin,0,229,116.49,1.49,92.29,3B,C# major,0.94,12A,C# minor,0.666,
107723,Kool Moe Dee,I Go To Work,126,3B,633040,ok,479827,I Go To Work,125.7,280,125.83,2.93,123.05,11A,F# minor,0.569,11A,F# minor,0.5,
106738,Stereo MC's,Creation,126,12A,2236540,ok,479827,Creation,126.8,302,126.74,3.82,129.2,12A,C# minor,0.86,12A,C# minor,0.845,
161591,Oberst & Buchner,Freie Sicht feat. Acud,95,11B,1783885627,ok,479827,Freie Sicht feat. Acud,0,345,95.02,4.19,95.7,11B,A major,0.929,8A,A minor,0.886,
239632,Bassvictim,Sometimes I believe in God (Sometimes I believe in Me),138,8B,3886358291,ok,479827,Sometimes I believe in God (Sometimes I believe in Me),0,220,136.46,0.98,136.0,7B,F major,0.741,8A,A minor,0.769,
77203,Dizzee Rascal,Jezebel (Instrumental),160,8A,567655852,ok,479827,Jezebel,0,216,161.5,3.24,161.5,8B,C major,0.683,8A,A minor,0.672,
181683,"Footsie, Strategy",All Day Doin It,140,7A,3326890011,ok,479827,All Day Doin It,0,168,69.96,3.06,69.84,5A,C minor,0.677,4A,F minor,0.648,
109644,"T-Puse, Club De Combat, Oi",Bounce (Extended Mix),126,1A,4007282291,ok,480245,Bounce,0,206,126.01,2.73,123.05,1A,Ab minor,0.616,1A,Ab minor,0.53,
13519,Father Sheed,Boom,129,10A,3813542582,ok,479827,Boom,0,301,129.0,3.44,129.2,9A,E minor,0.873,9A,E minor,0.83,
27322,And.Id,Thalassa,125,10B,2490800201,ok,479827,Thalassa,0,431,125.0,3.71,83.35,10B,D major,0.804,9A,E minor,0.531,
183883,Mssingno,Skeezers,68,6A,129386428,ok,479827,Skeezers,0,174,136.44,2.6,136.0,6A,G minor,0.93,6A,G minor,0.888,
182261,Tatyana Ali,"Daydreamin', Pt. II",97,3B,103828716,ok,479827,"Daydreamin', Pt. II",96.82,263,97.16,3.54,95.7,3B,C# major,0.746,3A,Bb minor,0.764,
100625,Split Decision Band,Watching Out,122,5B,484118132,ok,479827,Watching Out,122.32,199,122.44,2.95,123.05,5A,C minor,0.783,5A,C minor,0.746,
150402,Angy Kore,Solar edge,132,7A,644353702,ok,479827,Solar edge,0,321,130.55,2.36,129.2,8B,C major,0.653,5A,C minor,0.62,
169153,The Mulder,I Take You Out To Space,126,11B,46221031,ok,479827,I Take You Out To Space,126,417,125.9,2.64,123.05,12A,C# minor,0.51,1A,Ab minor,0.459,
94460,Kangding Ray,Voli,140,2A,3013959311,ok,479827,Voli,0,337,139.9,2.6,112.35,2A,Eb minor,0.793,2A,Eb minor,0.741,
78634,Furyan,Lost (Endymion Remix),150,2B,3462945991,ok,479827,Lost (Endymion Remix),0,201,150.1,2.11,152.0,2B,F# major,0.905,11A,F# minor,0.799,
165593,Leon Vynehall,Black Dove,130,4A,2245689477,ok,479827,Black Dove,0,388,128.84,1.99,129.2,7B,F major,0.797,4A,F minor,0.658,
242108,Jude Lenihan,Get Connected,129,4A,3334004791,ok,479827,Get Connected,0,311,129.0,2.64,129.2,4A,F minor,0.823,4A,F minor,0.794,
118525,Daniel Hokum,Throught the Past,110,2A,3325578791,ok,479827,Throught the Past,0,429,109.97,3.75,112.35,2A,Eb minor,0.89,2A,Eb minor,0.938,
103060,Jovonn,Takin It Blaque,123,10A,592351032,ok,479827,Takin It Blaque,0,353,123.07,3.34,61.52,1B,B major,0.87,10A,B minor,0.8,
68984,Peryl,Form 03,132,11A,3889522191,ok,480245,Form 03,0,354,131.97,3.81,129.2,5A,C minor,0.393,5A,C minor,0.408,
112778,Uma Scheffer,Persevera (Original Mix),130,9B,3183796811,ok,479827,Persevera (Original Mix),0,344,129.99,3.68,129.2,9B,G major,0.382,1A,Ab minor,0.311,
115222,LAAVA,Wherever You Are (I Feel Love) (Dance Edit) (Dance Edit),138,5B,638962692,ok,479827,Wherever You Are (I Feel Love) (Dance Edit),137.81,222,137.72,3.62,136.0,5A,C minor,0.751,5A,C minor,0.786,
115200,The-Dream,Mr. Yeah,130,3B,392432972,ok,479827,Mr. Yeah,130.01,293,129.89,2.93,129.2,3B,C# major,0.81,3A,Bb minor,0.686,
85987,Basement Jaxx,325,130,6B,2197241667,ok,479827,325,0,208,129.83,3.89,129.2,8A,A minor,0.528,7A,D minor,0.455,
34277,"DJ Spen, The MuthaFunkaz",Gotta Hold On Me (Vocal Mix),125,8A,3482381051,ok,479827,Gotta Hold On Me (Vocal Mix),0,478,125.03,3.75,123.05,8A,A minor,0.855,8A,A minor,0.849,
212125,Format:B,Coltrane (Kolombo Remix),125,2B,1424283862,ok,479827,Coltrane (Kolombo Remix),0,412,125.01,3.91,123.05,2B,F# major,0.912,11A,F# minor,0.817,
114109,MR GENTLE,Wave Energy,142,10B,970563922,ok,479827,Wave Energy,0,354,71.0,2.59,184.57,8A,A minor,0.7,7A,D minor,0.681,
129417,Jabba 2.3,Shining,125,11B,3836372011,ok,480245,Shining,0,364,124.92,3.73,123.05,11B,A major,0.901,8A,A minor,0.783,
89988,"Jay Music, CalebX, Moonchild Sanelly",Bass Buster,140,5B,3625817282,ok,479827,Bass Buster,0,370,112.67,1.09,152.0,5B,Eb major,0.946,2A,Eb minor,0.683,
72751,Siu Mata,Pannotia,107,8A,2498042091,ok,479827,Pannotia,0,281,143.43,1.09,143.55,8A,A minor,0.561,8A,A minor,0.575,
77140,TAMA,Solar Wind,104,9A,4013692461,ok,479827,Solar Wind,0,462,125.08,0.53,117.45,8B,C major,0.789,9A,E minor,0.673,
61788,Marc DePulse,Rabimmel,127,9A,3768350182,ok,479827,Rabimmel,0,333,127.12,3.56,129.2,9A,E minor,0.896,9A,E minor,0.851,
138290,Geo Rip,BB,125,7B,825284512,ok,479827,BB,0,370,124.17,3.74,123.05,7B,F major,0.843,8A,A minor,0.559,
142532,"David Penn, KPD",Disc-Jockey,123,1A,1384529112,ok,479827,Disc-Jockey,0,358,123.0,3.94,123.05,6A,G minor,0.589,6A,G minor,0.481,
101391,Rhythm II Rhythm,A Touch Of Jazz (Lifestyles Of The Rich mix),127,5A,74446881,ok,479827,A Touch Of Jazz (Lifestyles Of The Rich mix),126.8,396,126.76,3.66,129.2,5A,C minor,0.93,5A,C minor,0.889,
116626,Zombie Nation,Bass Kaput,130,7A,7300174,ok,479827,Bass Kaput,130,348,129.65,3.38,129.2,8B,C major,0.723,8A,A minor,0.647,
223822,Arnaud Le Texier,Middle,142,7A,2278042457,ok,479827,Middle,0,331,141.98,3.65,143.55,11B,A major,0.76,8A,A minor,0.609,
16665,J.T.C.,The Controller (Original Mix),135,6A,3989009791,ok,479827,Contrôle total (feat. Goomar),0,133,73.09,1.05,143.55,12A,C# minor,0.777,12A,C# minor,0.69,
233594,Parliament,Together,104,10A,1563498,ok,479827,Together,103.6,247,103.5,3.53,103.36,10A,B minor,0.74,10A,B minor,0.798,
9621,Maxim Lany,Noise,128,2B,3927197471,ok,480245,Noise,0,360,127.96,3.73,129.2,2B,F# major,0.891,11A,F# minor,0.732,
166863,Bonobo,Silver,111,11A,3687502902,ok,479827,Silver,110.8,393,110.77,3.47,73.83,11A,F# minor,0.711,11A,F# minor,0.748,
131173,Judie Tzuke,This Side Of Heaven (Live),158,9A,128888832,ok,479827,This Side of Heaven (Live),159.01,367,161.5,3.47,161.5,9A,E minor,0.86,9A,E minor,0.903,
21055,Blawan,Lox,140,8A,774356962,ok,479827,Lox,0,359,140.02,2.32,143.55,8A,A minor,0.528,8A,A minor,0.541,
194000,Zerb,Mwaki (&friends Remix),120,6A,2672219342,ok,480245,Mwaki (&friends Remix),0,234,119.99,1.22,117.45,6A,G minor,0.886,6A,G minor,0.874,
98351,LUCRE,Without Exception,142,11A,3884157551,ok,480245,Without Exception,0,319,71.3,4.19,112.35,1A,Ab minor,0.508,1A,Ab minor,0.471,
21507,Stef Mendesidis,License To Fly,145,8A,3305885931,ok,479827,License To Fly,0,283,144.64,3.77,143.55,8A,A minor,0.921,8A,A minor,0.949,
111596,Kaygo Soul,Afterglow,123,8A,3735752652,ok,479827,Afterglow,0,382,122.99,2.9,123.05,8A,A minor,0.825,8A,A minor,0.836,
228268,Michael Henderson,Make Me Feel Better,94,11B,102535186,ok,479827,Make Me Feel Better,0,180,94.65,3.63,95.7,8A,A minor,0.891,8A,A minor,0.878,
233219,Faze Action,Vamos Pintar (Max Essa Extended Club Mix),121,5B,423818532,ok,479827,Vamos Pintar (Max Essa Extended Club Mix),120.89,525,121.09,3.68,95.7,2A,Eb minor,0.865,2A,Eb minor,0.869,
100733,Soft Rocks,Obo (Tiago's ESP Disk Mix),100,9A,2197758537,ok,479827,Obo (Tiago's ESP Disk Mix),0,442,162.54,0.42,107.67,8B,C major,0.565,9A,E minor,0.452,
112653,Enigma Trax,A Clock That Ticks But Keeps No Time,134,6A,3761235872,ok,479827,A Clock That Ticks But Keeps No Time,0,524,135.33,3.78,136.0,4B,Ab major,0.39,1A,Ab minor,0.24,
136614,Da Sunlounge & Inland Knights,All Good,125,11B,75411663,ok,479827,All Good,124.9,397,124.16,3.8,123.05,11B,A major,0.807,9A,E minor,0.749,
41271,Seleccion Natural,Necton (Original mix),130,5A,552837922,ok,479827,Necton (Original mix),0,327,129.96,3.33,103.36,7B,F major,0.542,4A,F minor,0.404,
158177,Daniel Steinberg,Free Living (Extended),127,6A,3849612241,ok,479827,Free Living (Extended),0,350,128.15,3.76,129.2,6A,G minor,0.94,6A,G minor,0.939,
207482,Spiritchaser,Yesterday's Gone (Tomorrow's Dub),124,12A,1250945722,ok,159670,Yesterday's Gone (Tomorrow's Dub),0,434,123.99,3.83,123.05,2A,Eb minor,0.646,2A,Eb minor,0.576,
61593,Lady Blacktronika,Love Room,127,7B,558066582,ok,479827,Love Room,0,409,128.22,3.83,129.2,4A,F minor,0.696,4A,F minor,0.636,
141342,Icewear Vezzo,What They Need (feat. Montana 700),91,10A,4086570381,ok,479827,What They Need (feat. Montana 700),0,148,90.7,1.34,89.1,9B,G major,0.737,10A,B minor,0.659,
6983,Pandhora,Metanoia,122,9A,743870022,ok,479827,Metanoia (MAX TENROM Rework),0,459,122.03,3.69,123.05,9A,E minor,0.898,9A,E minor,0.914,
164519,Copini,Parallel Universe,126,9B,2825801422,ok,480245,Parallel Universe,0,265,126.29,2.03,123.05,9B,G major,0.891,6A,G minor,0.827,
236581,Om Unit,Prophecy,140,12B,2171007557,ok,479827,Prophecy,0,287,140.04,3.35,92.29,12B,E major,0.885,9A,E minor,0.762,
20245,"Black Gold, Black Gold",C'mon Stop,114,10A,67882495,ok,479827,C'mon Stop,114.2,386,114.1,3.51,112.35,10A,B minor,0.971,10A,B minor,0.942,
99609,Radio Slave,Wake Up (Idjut Boys 'Shed' Mix),120,3B,2528228371,ok,479827,Wake Up (Idjut Boys 'Shed' Mix),0,423,120.0,3.57,123.05,3B,C# major,0.95,12A,C# minor,0.783,
6940,Cara Elizabeth,Move Back,150,6B,3718045992,ok,479827,Move Back,0,172,150.35,2.63,152.0,3A,Bb minor,0.877,3A,Bb minor,0.81,
116796,Dionne Warwick,Land of Make Believe,96,10B,723787,ok,479827,Land of Make Believe,97.7,185,97.83,2.15,99.38,11B,A major,0.745,8A,A minor,0.599,
32271,David Salow,Moving Too Fast,120,6A,3279213151,ok,479827,Moving Too Fast,0,347,119.99,3.77,117.45,6A,G minor,0.918,6A,G minor,0.861,
216522,Upsilon,India,144,12A,2570999142,ok,479827,India,0,402,143.62,2.55,71.78,4A,F minor,0.481,4A,F minor,0.525,
213919,L'Amour Fou,The Last Call,93,7A,409078202,ok,479827,The Last Call,0,392,122.27,3.47,123.05,7A,D minor,0.919,7A,D minor,0.956,
137669,Dedekind Cut,"Das Expanded, Untitled Riff",156,8A,396107102,ok,479827,"Das Expanded, Untitled Riff",130.01,434,155.25,0.81,152.0,8B,C major,0.818,9A,E minor,0.68,
28496,Yumi Matsutoya,We're All Free / Kage Ni Natte,101,7A,556751532,ok,479827,We're All Free / Kage Ni Natte,0,329,86.11,4.13,86.13,7A,D minor,0.767,7A,D minor,0.786,
124488,"Bruno Power, Greta Tedeschi",Get Down,135,5B,3111020791,ok,159670,Get Down,0,175,135.45,3.1,89.1,5B,Eb major,0.72,2A,Eb minor,0.644,
28504,Joey Negro,Must Be The Music (Disco Boogie Xtravaganza Dub),121,12A,375945001,ok,479827,Must Be The Music (Disco Boogie Xtravaganza Dub),120.89,327,120.95,3.43,123.05,12A,C# minor,0.807,12A,C# minor,0.813,
14081,Ron Flatter,Mantequilla (Original Mix),119,7B,487736592,ok,479827,Mantequilla (Original Mix),119.15,441,118.51,3.46,117.45,7B,F major,0.921,4A,F minor,0.796,
233382,Ivy Lab,Space War 169 (Instrumental),80,8A,2768235181,ok,479827,Space War 169 (Instrumental),0,193,80.06,2.38,123.05,4A,F minor,0.575,4A,F minor,0.611,
226567,Susumu Yokota,Wani Natte (2025 Remastered),122,8B,3495273471,ok,479827,Wani Natte (2025 Remastered),0,157,152.31,0.63,152.0,8B,C major,0.804,5A,C minor,0.751,
231055,Joann,The Ladies Gon Feel Me (Original Mix),152,2B,2372717365,ok,479827,The Ladies Gon Feel Me (Original Mix),0,368,152.09,2.1,152.0,2B,F# major,0.573,12A,C# minor,0.468,
60472,"CamelPhat, Riva Starr",Electricity (Original Mix),125,7A,842431552,ok,479827,Electricity (Original Mix),0,478,124.32,3.67,123.05,9A,E minor,0.778,9A,E minor,0.828,
157257,Carol Jiani,Vanity,132,6A,1908148,ok,479827,Vanity,132.7,206,132.57,3.84,129.2,6A,G minor,0.959,6A,G minor,0.972,
6179,Netsky,Come Alive,87,8A,3847541411,ok,480245,Come Alive (Grafix Remix),0,205,172.27,3.36,172.27,8A,A minor,0.855,8A,A minor,0.86,
214667,Reflex Blue,Tightening The Screw,131,9B,3234881991,ok,480245,Tightening The Screw,0,352,131.01,3.3,66.26,9B,G major,0.519,9A,E minor,0.561,
111157,Michael Grald,Act Right (Original Mix),130,11B,3699008082,ok,479827,Act Right (Original Mix),0,280,129.64,3.6,129.2,8A,A minor,0.947,8A,A minor,0.96,
24252,Mees Salomé,Mindstate (Extended Mix),123,9A,4045731691,ok,479827,Mindstate,0,221,123.05,4.19,123.05,9A,E minor,0.943,9A,E minor,0.93,
102580,innerinnerlife,you're always with me,94,1B,1822660267,ok,479827,you're always with me,0,248,191.41,2.97,184.57,1A,Ab minor,0.821,1A,Ab minor,0.854,
203387,Khotin,Alterac Acid,102,8A,2694462622,ok,479827,Alterac Acid,0,292,101.93,2.74,136.0,8A,A minor,0.866,8A,A minor,0.841,
113653,Karaba,DiscoHaze,128,7B,3653643152,ok,479827,DiscoHaze,0,379,128.08,3.66,129.2,4A,F minor,0.913,4A,F minor,0.861,
215524,Krafty Kuts,Funky Ass Beats (Ed Solo Breakbeat Remix),138,4A,2028148657,ok,480245,Funky Ass Beats (Ed Solo Breakbeat Remix),0,313,137.89,2.36,136.0,8B,C major,0.556,7A,D minor,0.479,
140103,Dubbing Sun,Humanipulating Web (feat. Warrior Queen),66,10A,3838493121,ok,479827,Humanipulating Web (feat. Warrior Queen),0,212,131.94,2.9,129.2,9A,E minor,0.775,9A,E minor,0.726,
107308,Mystry,Graveyard Shift,70,11B,125816091,ok,479827,Graveyard Shift,0,288,139.92,3.35,136.0,8A,A minor,0.494,8A,A minor,0.436,
236154,MelodystiX,Feels Like,118,2A,4030054291,ok,479827,Feels Like,0,183,118.03,3.64,117.45,2A,Eb minor,0.903,2A,Eb minor,0.944,
26941,Ekolali,Totem Mollusca,107,10B,2767707551,ok,479827,Totem Mollusca,0,885,110.79,0.39,117.45,8A,A minor,0.85,8A,A minor,0.845,
411,George Daniel,Chlorine,70,8A,3031233131,ok,479827,Chlorine,0,251,139.83,2.03,143.55,7B,F major,0.772,8A,A minor,0.657,
19224,John Foxx and Nation 12,Listen To The Drummer,135,5A,4314622,ok,479827,Listen To The Drummer,125.7,295,125.59,3.46,123.05,4A,F minor,0.641,4A,F minor,0.574,
139493,Taavi,Excuses,130,7B,3736460842,ok,479827,Excuses,0,310,130.1,3.77,129.2,7B,F major,0.93,4A,F minor,0.824,
25670,Sigur Rós,Svefn-g-englar,118,12B,705575102,ok,479827,Svefn-g-englar,114.84,606,115.15,0.76,117.45,12B,E major,0.872,9A,E minor,0.662,
34347,USAW,Sway 21,142,8A,2603180992,ok,479827,Sway 21,0,304,142.04,3.68,143.55,5A,C minor,0.411,5A,C minor,0.385,
108941,Christian Wunsch,Optical Illusion,127,4A,106849414,ok,479827,Optical Illusion,169.44,348,127.08,2.79,129.2,4A,F minor,0.735,4A,F minor,0.76,
111878,Safri Duo,Played-A-Live (The Bongo Song) (Original Club Mix),138,12B,2435093405,ok,479827,Played-A-Live (The Bongo Song) (Original Club Mix),0,219,137.67,1.7,136.0,1B,B major,0.642,1A,Ab minor,0.594,
114792,Darkness in Eldorado,Tempio Del Trambusto ((Aakira Remix)),147,3A,3704674852,ok,479827,Tempio Del Trambusto (Aakira Remix),0,318,145.02,3.52,95.7,7A,D minor,0.492,7A,D minor,0.563,
116761,Matük,Lio,111,5A,3915588131,ok,480245,Lio,0,322,74.01,3.14,73.83,5A,C minor,0.79,5A,C minor,0.828,
213247,Krasa Rosa,Ty & Ya (Sound Quelle Remix),120,5A,2289202415,ok,479827,Ty & Ya (Sound Quelle Remix),0,360,119.79,1.02,117.45,7B,F major,0.904,5A,C minor,0.707,
144889,Planetary Assault Systems,Bell Blocker (Silent Servant Remix),129,9A,951037992,ok,479827,Bell Blocker (Silent Servant Remix),0,404,126.05,3.78,123.05,7A,D minor,0.73,7A,D minor,0.721,
99417,Lewis Fautzi,Science,120,4B,2391170175,ok,479827,Science,0,228,120.04,2.05,161.5,4B,Ab major,0.65,1A,Ab minor,0.522,
19207,Exocet,Sweet Talk,127,4A,1702145717,ok,479828,Sweet Talk,0,240,126.97,3.3,129.2,4A,F minor,0.817,4A,F minor,0.836,
140912,Dominic Plaza,Origin Native,130,9B,65739829,ok,479827,Origin Native,0,480,130.01,3.8,129.2,5A,C minor,0.856,5A,C minor,0.796,
56811,The Dharma Chain,See Through (MM Dream Mix),121,8A,3623652652,ok,479827,See Through (MM Dream Mix),0,320,95.02,4.07,95.7,8A,A minor,0.91,8A,A minor,0.911,
138204,"D.K., S.K.",Xerox,89,10B,432529562,ok,479827,Xerox,0,292,117.89,1.06,117.45,10B,D major,0.893,10A,B minor,0.741,
109221,Yogg,The Try Out,100,4B,2309799595,ok,479827,The Try Out,0,332,100.04,1.6,99.38,4B,Ab major,0.829,1A,Ab minor,0.674,
18748,Led Zeppelin,Over the Hills and Far Away (Remaster),112,10B,111628800,ok,479827,Over the Hills and Far Away (Remaster),99.6,290,93.92,1.3,95.7,10B,D major,0.922,7A,D minor,0.67,
177880,CLIPZ,Come Find Me,84,11B,3957705701,ok,479827,Come Find Me,0,166,166.03,2.38,112.35,11A,F# minor,0.924,11A,F# minor,0.912,
155201,Amy Winehouse,I Heard Love Is Blind (Demo),110,11B,924504,ok,479827,I Heard Love Is Blind (Demo),152,132,150.77,0.63,143.55,11A,F# minor,0.795,11A,F# minor,0.844,
189324,Mika Heggemann,Love On Fire,148,2A,3966485061,ok,479827,Love On Fire,0,224,147.35,1.57,99.38,2A,Eb minor,0.853,2A,Eb minor,0.857,
25580,Maksim Dark,Dreams Are Destroyed (Christian Craken Remix),125,10A,1131054912,ok,479827,Dreams Are Destroyed (Christian Craken Remix),0,405,125.03,3.1,123.05,10A,B minor,0.66,9A,E minor,0.7,
75274,Undercatt,Hana,125,10B,2653046242,ok,479827,Hana,0,478,124.99,3.45,83.35,7A,D minor,0.651,7A,D minor,0.609,
162412,coiro,Una,120,8B,3148439251,ok,479827,Una,0,295,120.0,3.82,117.45,5A,C minor,0.943,5A,C minor,0.911,
102248,Dettinger,Intershop (6) [Remastered 2024],97,12A,2703692222,ok,479827,Intershop (6) (Remastered 2024),0,579,83.27,0.71,103.36,12A,C# minor,0.874,12A,C# minor,0.923,
98774,Kintar,Tati Tati,122,9B,3925721241,ok,479827,Tati Tati,0,167,121.96,3.07,161.5,6A,G minor,0.885,6A,G minor,0.844,
157205,Pris,Echoes of the Tundra,134,11A,79425465,ok,479827,Echoes of the Tundra,0,399,133.85,3.5,136.0,4A,F minor,0.512,4A,F minor,0.435,
140962,41 Degrees,The Spirit Moves,140,11B,3369256651,ok,479827,The Spirit Moves,0,214,93.49,3.91,92.29,8A,A minor,0.892,8A,A minor,0.898,
194382,Screen II,Hey Mr DJ (Stab Mix),128,9A,2499785551,ok,479827,Hey Mr DJ (Stab Mix),0,392,128.48,2.38,129.2,9A,E minor,0.828,9A,E minor,0.868,
113430,Maetrik,Utilizame,126,9A,69176862,ok,479827,Utilizame,126,459,125.86,3.44,123.05,8B,C major,0.399,8A,A minor,0.43,
177926,Felix Kröcher,Pesadao,138,9B,3573247841,ok,479827,Pesadao,0,190,137.95,2.99,136.0,9B,G major,0.943,6A,G minor,0.858,
98791,Caiiro,Technology,120,12A,3211484131,ok,479827,Technology,0,486,120.0,3.8,117.45,12A,C# minor,0.935,12A,C# minor,0.939,
219278,Neversleep,Phone Calls,115,6A,651425042,ok,479827,Phone Calls,0,266,114.67,3.5,117.45,6A,G minor,0.872,6A,G minor,0.831,
227783,"Madvillain, Madlib, MF Doom",Raid (feat. MED),125,11A,446028272,ok,479827,Raid (feat. MED),0,150,99.86,1.62,99.38,11A,F# minor,0.735,11A,F# minor,0.697,
120551,Disrupt,Airlock Cycle,134,1A,551120202,ok,479827,Airlock Cycle,0,193,89.7,0.37,143.55,12B,E major,0.787,9A,E minor,0.599,
174235,Judy Cheeks,Reach,124,9A,3455481111,ok,479827,Reach,0,229,123.88,3.57,123.05,9A,E minor,0.945,9A,E minor,0.948,
90003,Samuel L Session,Ghost of Puente,132,8A,2170039077,ok,479827,Ghost of Puente,0,308,132.07,2.8,129.2,7B,F major,0.659,8A,A minor,0.697,
77309,Vanessa Amara,Pipe Organ,101,5B,1344786622,ok,479827,Pipe Organ,0,442,117.13,0.29,161.5,5B,Eb major,0.875,2A,Eb minor,0.588,
21549,Ramsey Neville,Imminent Collapse,140,3B,3523233531,ok,479827,Imminent Collapse,0,350,140.02,3.87,143.55,11A,F# minor,0.396,11A,F# minor,0.283,
79249,Fabio Monesi,Harmony,125,2A,3208576331,ok,479827,Harmony,0,303,125.01,3.6,123.05,5B,Eb major,0.9,2A,Eb minor,0.85,
84011,Mayurashka,Cat Murmur,127,2A,3354440401,ok,479827,Cat Murmur,0,401,127.07,3.64,129.2,5B,Eb major,0.845,2A,Eb minor,0.797,
18762,Disco Secret,During The Hippy Culture,120,3A,1508460702,ok,479828,During The Hippy Culture,0,479,119.93,3.64,117.45,5B,Eb major,0.889,3A,Bb minor,0.772,
181552,Collapse,Hold Me In Your Arms (Pump Mix),107,3A,61380651,ok,479827,Hold me in your arms (Pump Mix),105,337,122.95,3.13,123.05,3A,Bb minor,0.978,3A,Bb minor,0.968,
198787,Miss Red,Come Again,95,5A,500618252,ok,479827,Come Again,0,191,95.01,3.59,95.7,9B,G major,0.531,5A,C minor,0.368,
223114,Lumukanda,Banshee Ov Thee Sixth Sun,162,8B,698520622,ok,479827,Banshee Ov Thee Sixth Sun,161.5,357,161.96,2.97,107.67,5A,C minor,0.755,5A,C minor,0.66,
1139,I:Cube,Disco Cubizm (Daft Punk Remix),129,1A,3950622,ok,479827,Disco Cubizm (Daft Punk Remix),129.2,497,129.14,4.1,64.6,4B,Ab major,0.63,1A,Ab minor,0.572,
90498,Phil Collins,Who Said I Would (Live 1990),133,8B,624596502,ok,479827,Who Said I Would (Live 1990; 2019 Remaster),131.25,267,130.25,3.61,129.2,5A,C minor,0.895,5A,C minor,0.887,
27340,Christophe Salin,Where You Want Me to Be,126,4A,3613282382,ok,479827,Where You Want Me to Be,0,366,126.01,3.68,123.05,4A,F minor,0.656,4A,F minor,0.673,
44081,Any Mello,Devotion,138,2A,3611046522,ok,479827,Devotion,0,278,138.17,3.15,136.0,6A,G minor,0.57,6A,G minor,0.513,
44268,Björk,Human Behaviour (Le French Touch),143,8A,2764597401,ok,479827,Human Behaviour (Le French Touch),0,471,123.0,4.29,123.05,10B,D major,0.883,7A,D minor,0.737,
226424,Mira (Berlin) & Christopher Schwarzwalder,Indio Hindu,117,9B,78708559,ok,479827,Indio Hindu (Original Mix),117.1,490,117.17,3.32,117.45,6A,G minor,0.876,6A,G minor,0.815,
161171,Animatek,Black Cat (Original Mix),136,11A,1535985622,ok,479827,Black Cat (Original Mix),0,453,136.0,4.65,136.0,10B,D major,0.466,11A,F# minor,0.378,
198516,Kameliia,Se Leurrer,140,10A,1186036352,ok,479827,Se Leurrer,0,329,69.76,3.57,69.84,3A,Bb minor,0.317,4A,F minor,0.259,
68003,Suriana,Umbra,122,7B,3869951401,ok,479827,Umbra (Nicolas Rada Remix),0,380,120.0,3.8,117.45,7B,F major,0.855,4A,F minor,0.683,
60163,Conquest,Forever,71,8A,89419001,ok,479827,Forever,140.1,483,138.6,0.44,143.55,8A,A minor,0.774,8A,A minor,0.788,
124518,Joezi,7 Seconds,124,2B,2628154112,ok,479827,7 Seconds,0,315,124.03,3.61,123.05,11A,F# minor,0.8,11A,F# minor,0.785,
230928,Setaoc Mass,Wu Wei,135,1A,3416901121,ok,479827,Wu Wei,0,279,135.54,2.88,136.0,7B,F major,0.537,8A,A minor,0.402,
29588,Dax J,The Invisible Man (Original Mix),66,1A,487806672,ok,479827,The Invisible Man (Original Mix),132.94,351,133.01,3.61,136.0,1A,Ab minor,0.861,1A,Ab minor,0.786,
313,Solomun,Kinesphere,136,8B,3836847461,ok,480245,Kinesphere,0,214,136.01,2.77,136.0,8A,A minor,0.867,8A,A minor,0.884,
13544,Joel Alter,Dust Away (Horror Mix),125,3B,9952032,error:RuntimeError,,Dust Away (Horror Mix),105,555,,,,,,,,,,"Error while configuring MonoLoader: AudioLoader: Could not find stream information, error = End of file"
217307,DART,Beamies World,138,3B,1775376897,ok,480245,Beamies World,0,312,137.98,3.07,136.0,3A,Bb minor,0.707,3A,Bb minor,0.749,
36565,Ital Tek,Moment In Blue (FaltyDL Remix),100,10A,108801092,ok,479827,Moment In Blue (FaltyDL Remix),0,241,133.04,1.94,76.0,10B,D major,0.745,9A,E minor,0.78,
56880,1900Rugrat,Dead Cracka (feat. BLP KOSHER),126,12A,3080212581,ok,479827,Dead Cracka (feat. BLP KOSHER),0,166,86.79,1.73,117.45,7B,F major,0.703,4A,F minor,0.637,
35458,Session Victim,Screen Off,123,10B,3551652731,ok,479827,Screen Off,0,350,123.05,4.19,123.05,7A,D minor,0.874,7A,D minor,0.813,
173011,LaRosa,The Fifth Story,128,4B,2113791927,ok,479828,The Fifth Story,0,495,128.03,2.42,129.2,2A,Eb minor,0.874,2A,Eb minor,0.841,
216824,Armand Van Helden,Reservoir Dogs,103,4B,437522972,ok,479827,Reservoir Dogs,102.8,316,102.94,3.69,136.0,4B,Ab major,0.637,4A,F minor,0.693,
137822,Charlotte de Witte,A Prayer for the Dancefloor (feat. Conduit),140,7B,3776311442,ok,480245,A Prayer for the Dancefloor (feat. Conduit),0,414,139.89,2.91,112.35,7B,F major,0.949,4A,F minor,0.829,
78066,Lavery,Informer People,107,7A,879498352,ok,479827,Informer People,0,315,107.29,1.96,107.67,7B,F major,0.839,7A,D minor,0.688,
165809,DMX Krew,Dinosaur Reaction,80,6A,3887124031,ok,479827,Dinosaur Reaction,0,275,106.95,3.98,107.67,5A,C minor,0.645,5A,C minor,0.559,
198700,Crusy,Bikini (On The Beach),124,8A,3571264361,ok,479827,Bikini (On The Beach),0,180,123.84,3.59,123.05,8A,A minor,0.873,8A,A minor,0.863,
161467,Cleric,Fixation,142,8B,2363741195,ok,479827,Fixation,0,349,142.13,3.37,143.55,4A,F minor,0.602,4A,F minor,0.525,
9466,Bacco (Br),M.A.T.,128,10B,3988138441,ok,479827,M.A.T.,0,211,128.99,3.84,129.2,10B,D major,0.898,7A,D minor,0.829,
97547,Mike Monday,What Day Is It? (Mark O'Sullivan Remix),112,2B,1803735947,ok,479827,What Day Is It? (Mark O'Sullivan Remix),0,405,128.43,3.47,129.2,2B,F# major,0.869,11A,F# minor,0.712,
130367,holandês,União Sinistra,135,11A,2172869017,ok,479827,União Sinistra,0,320,135.22,3.29,136.0,11A,F# minor,0.81,11A,F# minor,0.775,
42700,Commuter,Modern Economy,128,4B,449492202,ok,479827,Modern Economy,128,217,128.06,2.76,129.2,4B,Ab major,0.876,1A,Ab minor,0.787,
37136,Ela Minus,espiral,117,7A,4064448511,ok,480245,espiral,0,219,117.03,1.2,152.0,7A,D minor,0.925,7A,D minor,0.911,
7518,Joy Anonymous,JOY (Up The Street),127,4B,2516524831,ok,479827,JOY (Up The Street),0,237,123.96,2.47,129.2,4B,Ab major,0.807,4A,F minor,0.752,
151063,Duellist,Pistols at Dawn,128,4B,128482969,ok,479827,Pistols at Dawn,0,360,128.04,3.95,129.2,4B,Ab major,0.821,1A,Ab minor,0.6,
24291,"Ed Davenport, Tee Amara",Deepest Sea (Full Vocal Mix),132,6B,4002085191,ok,479827,Deepest Sea (Full Vocal Mix),0,430,131.96,2.96,129.2,7B,F major,0.6,4A,F minor,0.612,
222583,Flevans,Spooked,110,4B,3687288162,ok,479827,Spooked,110.2,335,110.24,3.79,73.83,4B,Ab major,0.808,4A,F minor,0.83,
60509,Architectural,White Space,77,2B,3950950271,ok,479827,White Space,0,480,122.94,3.86,123.05,2B,F# major,0.744,11A,F# minor,0.562,
25471,FM From B,Every Nite Every Day,130,11A,3993712401,ok,479827,Every Nite Every Day,0,378,129.89,3.61,129.2,11A,F# minor,0.845,11A,F# minor,0.826,
70898,"Dj Garth, Eti",Look to the Moon Dub,126,1A,64999223,ok,479827,Look to the Moon Dub,0,295,126.08,3.76,83.35,1A,Ab minor,0.75,1A,Ab minor,0.786,
66194,Patrick Cowley,Mockingbird Dream 2,80,5B,352046461,ok,479827,Mockingbird Dream 2,113.58,499,96.29,0.27,112.35,5A,C minor,0.854,5A,C minor,0.882,
109791,"Gemini, J T Donaldson",Changing Times,125,6A,346237501,ok,479827,Changing Times,124.91,451,125.01,3.85,123.05,6A,G minor,0.881,6A,G minor,0.853,
102085,James Orvis,Resolve (Original Mix),127,11A,971999802,ok,480245,Resolve,0,356,127.65,3.1,129.2,8B,C major,0.431,5A,C minor,0.359,
230323,Fabrizio Fattori,Bara-Hum-Ba,108,5A,644956882,ok,479827,Bara-Hum-Ba,107.95,511,107.86,3.87,107.67,5A,C minor,0.784,5A,C minor,0.788,
227009,Superfície,Dengue Drums (Foozool Remix),83,8B,136137914,ok,479827,Dengue Drums (Foozool Remix),0,219,132.1,1.86,129.2,9B,G major,0.855,6A,G minor,0.705,
146839,"Brandy, Monica",The Boy Is Mine (Radio Edit with Intro),93,12A,732455,ok,479827,The Boy Is Mine (Radio Edit with Intro),186.2,294,93.1,4.26,92.29,12A,C# minor,0.936,12A,C# minor,0.93,
9392,Peppe Citarella,VAPEA,123,5B,3958020841,ok,480245,VAPEA,0,181,122.49,1.45,123.05,5B,Eb major,0.843,2A,Eb minor,0.786,
112332,"DJ Mischkonsum, Optimus Crime",Serious Music,150,2A,2933529731,ok,479827,Serious Music,0,256,149.96,3.73,99.38,5B,Eb major,0.466,5A,C minor,0.517,
172001,Apulati Bien,Blé Noir,150,4B,1629581522,ok,479827,Blé Noir,0,221,99.6,1.11,99.38,1A,Ab minor,0.917,1A,Ab minor,0.876,
148335,The Two Mamarrachos,Trip to the Light,109,11B,487616312,ok,479827,Trip to the Light,0,454,109.3,3.45,107.67,7A,D minor,0.773,7A,D minor,0.722,
116949,Red Axes,Shabak Shalom,120,5A,2208592637,ok,479827,Shabak Shalom,0,391,120.0,3.06,117.45,5A,C minor,0.525,5A,C minor,0.563,
95844,Dire Straits,Twisting By The Pool,91,11B,4679123,ok,479827,Twisting By The Pool,0,210,91.35,3.35,92.29,11B,A major,0.881,11A,F# minor,0.716,
208166,Braxton,Singularity (Extended Mix),125,8A,3321096491,ok,479827,Singularity (Extended Mix),0,372,125.05,3.8,123.05,8A,A minor,0.884,8A,A minor,0.921,
54043,Trent Reznor & Atticus Ross,Challengers,130,4A,2747554831,ok,479827,Challengers,0,85,130.06,3.21,129.2,4A,F minor,0.961,4A,F minor,0.938,
145526,Nuke Watch,"Dog, as a devil deified, lived as a god.",123,4B,2756971711,ok,479827,"Dog, as a devil deified, lived as a god.",0,399,89.98,0.59,129.2,2A,Eb minor,0.764,2A,Eb minor,0.79,
105259,Jerome.c,Agnes 5,124,12A,1278598252,ok,480245,Agnes 5,0,428,124.0,3.89,123.05,12A,C# minor,0.841,12A,C# minor,0.849,
220034,The Beach Boys,Take A Load Off Your Feet (Alternate Vocals Mix),103,1B,1470193502,ok,479827,Take A Load Off Your Feet (Alternate Vocals Mix),0,149,100.07,2.84,99.38,6B,Bb major,0.927,3A,Bb minor,0.584,
156217,Etienne de Crécy,Super disco,118,9A,2553710,ok,479827,Super disco,117.8,395,117.76,3.47,117.45,9A,E minor,0.888,9A,E minor,0.889,
156098,Whodamanny,No Sè,96,5A,3707997922,ok,479827,No Sè,0,213,95.95,3.79,95.7,5A,C minor,0.973,5A,C minor,0.965,
19666,Capricorn (3),Capricorn (Instrumental),121,5A,2980586761,ok,479827,CAPRICORN (TEMPTING) (INSTRUMENTAL),0,165,125.05,3.1,123.05,8B,C major,0.787,7A,D minor,0.611,
7003,"Johannes Brecht, Christian Prommer",Voix Grave (Johannes Brecht Version),124,5A,2653285592,ok,479827,Voix Grave (Johannes Brecht Version),0,600,123.85,3.72,123.05,5A,C minor,0.92,5A,C minor,0.936,
21270,Kwartz,Enter The Zone (Original Mix),138,3A,3064568441,ok,479827,Enter The Zone (Original Mix),0,364,137.92,2.74,136.0,3B,C# major,0.564,4A,F minor,0.53,
174611,Voyager,"Time Travel,Pt. 2",70,9B,3536280711,ok,479827,"Time Travel,Pt. 2",0,547,140.09,2.99,143.55,6B,Bb major,0.622,6A,G minor,0.65,
205213,Cervo,Autumn Spring,126,2A,3759769302,ok,480245,Autumn Spring,0,275,63.14,2.16,99.38,2A,Eb minor,0.984,2A,Eb minor,0.945,
66681,Propaganda,Frozen Faces (The Echo of...),104,8B,1536206892,ok,479827,Frozen Faces (The Echo of...),0,619,112.86,3.92,112.35,5A,C minor,0.955,5A,C minor,0.914,
75975,Exium,Taken By Force,135,7A,1070217522,ok,479827,Taken By Force,0,377,135.17,3.74,107.67,4B,Ab major,0.681,4A,F minor,0.516,
119965,James Ironhead,Crossing the Baha,129,8A,16592389,ok,479827,Crossing the Baha,129.6,295,130.1,2.55,86.13,8B,C major,0.804,5A,C minor,0.57,
157362,Ziggy Phunk,Alone Without Out,112,10A,3692385272,ok,479827,Alone Without Out,0,381,111.89,3.67,112.35,10B,D major,0.736,8A,A minor,0.65,
42059,Ossia,Red X,110,10A,116853484,ok,479827,Red X,109.96,559,109.88,3.4,107.67,9B,G major,0.648,6A,G minor,0.571,
127536,John Cale,Dying on the Vine,110,5A,936302,ok,479827,Dying on the Vine,109.7,320,109.12,3.49,107.67,5A,C minor,0.793,5A,C minor,0.801,
46718,Trompies,Magasman (feat. Lebo Mathosa),100,4A,2141868767,ok,480245,Magasman,0,347,99.99,4.0,99.38,4A,F minor,0.723,4A,F minor,0.728,
12498,Animal Picnic,Ethorica,121,9B,2905989611,ok,479827,Ethorica,0,448,122.5,3.94,123.05,9B,G major,0.795,6A,G minor,0.696,
9277,Geno Washington,Herk's Works (Live),96,8B,3786101542,ok,479827,Herk's Works (Live),0,144,178.21,0.97,89.1,5A,C minor,0.869,5A,C minor,0.841,
190845,Lando Chill,That's Real,86,3A,120197320,ok,479827,That's Real,86.49,193,86.42,2.17,86.13,3B,C# major,0.746,3A,Bb minor,0.794,
241367,Aaron Hall,Don't Be Afraid,102,2A,1110896,ok,479827,Don't Be Afraid,101.6,323,101.59,3.71,103.36,3A,Bb minor,0.534,3A,Bb minor,0.546,
158103,Plus Instruments,Love Is Enough (Jamie Paton Cloudy Dub-Out),114,9A,2200524817,ok,479827,Love Is Enough (Jamie Paton Cloudy Dub-Out),0,461,114.11,3.34,112.35,5A,C minor,0.557,5A,C minor,0.604,
193643,Geju,Dark Places (Paul Traeumer Remix),114,10B,3609157532,ok,479827,Dark Places (Paul Traeumer Remix),0,451,113.98,3.93,112.35,7A,D minor,0.863,7A,D minor,0.824,
172441,Andrew Azara,The Quest,128,3A,4060777011,ok,479827,The Quest,0,202,127.98,3.85,129.2,3A,Bb minor,0.953,3A,Bb minor,0.938,
22654,White Off,Ghetto Zion,129,5B,4081541471,ok,479828,Ghetto Zion,0,179,129.05,3.8,129.2,4B,Ab major,0.829,1A,Ab minor,0.7,
199963,Patrick Cowley & Jorge Socarras,You Laugh at My Face (Tobias. Version),100,6B,3865133831,ok,479827,You Laugh at My Face (Tobias. Version),0,438,100.22,3.91,99.38,6B,Bb major,0.846,4A,F minor,0.527,
12953,Aretha Franklin,Save Me,121,12B,2133604,ok,479827,Save Me,120.5,136,120.16,3.14,117.45,12B,E major,0.87,9A,E minor,0.794,
25305,Malaa,F THE POLICE (Extended Mix),160,12B,3865029571,ok,479828,F THE POLICE,0,198,161.5,1.93,161.5,12B,E major,0.823,9A,E minor,0.702,
208294,Iori Wakasa,Teachers,116,11A,3774546372,ok,479827,Teachers,0,416,116.75,3.22,117.45,9A,E minor,0.495,9A,E minor,0.523,
153551,Ed Sheeran,Cross Me (feat. Chance the Rapper & PnB Rock),95,1B,684267022,ok,479827,Cross Me (feat. Chance the Rapper & PnB Rock),0,206,95.14,2.54,95.7,1A,Ab minor,0.899,1A,Ab minor,0.92,
208569,Yann,Au Claire De Lune,108,1B,3214278351,ok,479827,Au Claire De Lune,0,471,172.27,2.27,172.27,10A,B minor,0.898,10A,B minor,0.854,
82965,Silva Bumpa,Bludz & Cripz,135,10B,3996943681,ok,479827,Bludz & Cripz,0,149,134.97,2.18,136.0,6A,G minor,0.816,6A,G minor,0.76,
124479,Dogzilla,Dogzilla (Alex Di Stefano Remix),135,1B,1041064432,ok,479827,Dogzilla (Mixed) (Alex Di Stefano Remix),0,120,138.03,2.77,136.0,1B,B major,0.893,10A,B minor,0.835,
13737,Second Sine,Pirate TV,121,1A,4057884521,ok,479827,Pirate TV,0,355,121.08,3.52,123.05,1A,Ab minor,0.835,1A,Ab minor,0.887,
117309,Bob Andy,My Time,139,10B,3750652112,ok,479827,My Time (I Deserve),0,180,138.77,3.54,136.0,10B,D major,0.9,7A,D minor,0.769,
181077,Coffintexts,Hot 10 Times,135,7A,3157819581,ok,479827,Hot 10 Times,0,210,135.14,3.21,136.0,6B,Bb major,0.606,7A,D minor,0.575,
34099,"Junior Sanchez, Dave Giles II",Bitch U Could Neva (Fatherhood Remix),132,1A,3252637521,ok,479827,Bitch U Could Neva (Fatherhood Remix),0,289,65.88,3.12,172.27,8B,C major,0.743,5A,C minor,0.534,
5677,Ten City,Be Free (Emmaculate & Shannon Chambers Mix),120,10A,2496625961,ok,479827,Be Free (Emmaculate & Shannon Chambers Mix),0,243,119.95,3.76,117.45,11A,F# minor,0.867,11A,F# minor,0.843,
185894,Mannix,In Praise of the Sun (Extended Mix),126,2A,2980717031,ok,480245,In Praise of the Sun (Extended Mix),0,374,125.02,2.87,123.05,5B,Eb major,0.876,5A,C minor,0.632,
73248,Clouds,Elders Refix,139,2A,10580676,ok,479827,Elders Refix,0,272,138.64,1.56,136.0,11A,F# minor,0.656,10A,B minor,0.598,
30474,Loki Laredo,All That (Fulgeance Low Club Remix),105,3A,1107608622,ok,479827,All That (Fulgeance Low Club Remix),0,273,104.89,4.07,103.36,3A,Bb minor,0.909,3A,Bb minor,0.897,
92522,"Ed Longo, The Applied Arts Ensemble",A Palm In The Closet (Original Mix),107,8A,620657912,ok,479827,A Palm In The Closet,0,300,106.89,3.71,107.67,7A,D minor,0.823,7A,D minor,0.824,
89768,Drumheller,Snake Bite,128,9A,3459637381,ok,479827,Snake Bite,0,213,128.22,1.83,129.2,12B,E major,0.548,1A,Ab minor,0.472,
112153,Gonzi,BASSKILLER,160,2B,2598581712,ok,479827,BASSKILLER,0,294,161.69,2.59,161.5,2B,F# major,0.864,11A,F# minor,0.714,
117477,Aleksi Perala,FI3AC2028020,133,8A,1543463892,ok,479827,FI3AC2028020,0,460,134.82,2.95,136.0,8A,A minor,0.899,8A,A minor,0.868,
182306,Calibre,Addict,79,3B,519114542,ok,479827,Addict,170.84,409,106.67,0.36,107.67,12A,C# minor,0.849,12A,C# minor,0.834,
128237,Moon's Voyager,Me and the Butterflies (Intro),105,10A,2557058992,ok,479827,Me and the Butterflies (Intro),0,308,104.94,2.33,103.36,10A,B minor,0.841,10A,B minor,0.867,
9882,Bonnie Spacey,Prophesis,128,4A,3791257012,ok,479827,Prophesis,0,324,128.08,3.19,129.2,4A,F minor,0.97,4A,F minor,0.968,
192647,Kwalud,Angel Choirs,130,9A,671137772,ok,479827,Angel Choirs,0,409,130.05,3.95,129.2,12B,E major,0.837,9A,E minor,0.633,
115323,lil_art_hoe,A Lot of Talk,123,10A,3678014012,ok,479827,A Lot of Talk,0,314,123.05,3.94,123.05,2B,F# major,0.474,11A,F# minor,0.448,
72781,Beta Librae,Megafauna,132,2A,4021099371,ok,479827,Megafauna,0,332,131.85,3.22,129.2,4A,F minor,0.576,4A,F minor,0.671,
79312,Aiden Francis,Paranthos,131,11B,3512117301,ok,479827,Paranthos,0,429,132.85,3.19,89.1,9B,G major,0.812,6A,G minor,0.62,
192569,Mor Elian,"Beep Boop, but Make It Existential",120,7B,3615975202,ok,479827,"Beep Boop, but Make It Existential",0,329,119.89,2.48,161.5,8B,C major,0.874,5A,C minor,0.788,
136852,HI ROSIE,La Bagad des Gens Heureux,160,8B,3881040811,ok,479827,La Bagad des Gens Heureux,0,220,106.46,2.12,107.67,8B,C major,0.923,5A,C minor,0.848,
137260,shjva,Chrysalis,137,6B,2718719002,ok,479827,Chrysalis (Original Mix),0,447,136.65,3.37,136.0,6B,Bb major,0.815,3A,Bb minor,0.645,
35908,DJ JM,Winted,132,5A,2909499281,ok,479828,Winted,0,349,132.0,3.71,129.2,8B,C major,0.814,5A,C minor,0.706,
118582,Shire T,London. Paris. Berlin.,128,12B,1424390692,ok,479827,London. Paris. Berlin.,0,245,128.34,3.51,129.2,12B,E major,0.654,12A,C# minor,0.63,
143255,Mella Dee,Digital Vanguard,127,11A,3681472512,ok,479828,Digital Vanguard,0,434,126.93,1.51,129.2,5A,C minor,0.677,5A,C minor,0.63,
194510,"Wallhack, Scurrow",VRS,87,7A,3335765451,ok,479827,VRS,0,253,87.0,3.6,86.13,4A,F minor,0.46,4A,F minor,0.348,
81106,The Skygreen Leopards,Greenmarsh Tiger,155,9B,501914952,ok,479827,Greenmarsh Tiger,0,141,154.49,1.69,161.5,9B,G major,0.785,8A,A minor,0.734,
41932,Ancestral Voices,Distant Stare,128,2B,2398561535,ok,479827,Distant Stare,0,362,84.44,3.79,86.13,2B,F# major,0.928,11A,F# minor,0.733,
176979,Blotter Trax,Blotter Trax 2.3,122,6B,637224562,ok,479827,Blotter Trax 2.3,0,357,122.21,2.58,161.5,4A,F minor,0.48,4A,F minor,0.494,
94607,Aphex Twin,Avril 14th,156,4B,29377601,ok,479827,Avril 14th,0,125,156.25,2.98,78.3,4B,Ab major,0.869,4A,F minor,0.829,
85372,Ikari,Not My Tempo,72,3A,3391977701,ok,479827,Not My Tempo,0,324,143.93,3.17,143.55,7B,F major,0.598,4A,F minor,0.444,
233454,Flore,The Switcher,80,9A,1695591337,ok,479827,The Switcher,0,267,161.59,3.3,161.5,9A,E minor,0.676,9A,E minor,0.763,
91648,VDM,Magnetic (Original Mix),136,4B,128816213,ok,479827,Magnetic (Original Mix),136,426,136.0,4.23,136.0,4B,Ab major,0.699,4A,F minor,0.625,
21304,Out of Orbit,Drumatix,133,2B,2600022742,ok,479827,Drumatix (OOO Mix),0,346,133.14,2.81,136.0,2B,F# major,0.869,11A,F# minor,0.783,
87564,Crystal Clear,10 Minutes,87,9A,3884084991,ok,479827,10 Minutes,0,298,172.27,1.7,172.27,9B,G major,0.625,9A,E minor,0.689,
27123,RSD,Pretty Bright Light,140,12A,472713662,ok,479827,Pretty Bright Light,0,310,69.9,2.53,143.55,8B,C major,0.256,11A,F# minor,0.191,
116552,Captain Mustache feat. Amanda Lear,Mustache of the Universe,116,8B,2420486565,ok,479827,Mustache Of The Universe,0,345,115.82,3.9,117.45,8B,C major,0.771,7A,D minor,0.705,
9305,Pleasure,Take A Chance,117,10B,4126250,ok,479827,Take A Chance,117.1,400,117.37,3.39,117.45,10B,D major,0.796,7A,D minor,0.678,
97576,Kaliber,Kaliber07-a1,126,9A,61686053,ok,479827,Kaliber07-a1,0,350,125.91,3.69,63.02,3B,C# major,0.552,12A,C# minor,0.514,
159721,lyraaa,Huh Yeah,160,2B,4003118171,ok,479827,Huh Yeah,0,292,161.59,3.41,161.5,11A,F# minor,0.907,11A,F# minor,0.857,
188327,Call Super,Waterways,128,7A,3527535691,ok,479827,Waterways,0,505,128.54,3.28,129.2,7A,D minor,0.824,7A,D minor,0.805,
163632,"Jackmate, The Missing Linkx",Discodisco2,122,8A,3134688671,ok,479827,Discodisco2,0,379,121.99,2.88,123.05,6B,Bb major,0.544,3A,Bb minor,0.383,
41286,Rumenige,Eka,81,12B,463941782,ok,479827,Eka,0,295,64.77,3.08,103.36,7A,D minor,0.58,7A,D minor,0.625,
60151,Xantoné Blacq,Search for the Sun (Platinum Remix),134,6A,2925292921,ok,479827,Search for the Sun (Platinum Remix),0,322,133.81,1.71,136.0,9A,E minor,0.703,9A,E minor,0.764,
45559,Simon Kidzoo,Que Lo Que (Justin Rabin Remix),129,8B,3880633341,ok,479827,Que Lo Que (Justin Rabin Remix),0,227,129.1,3.72,129.2,8B,C major,0.891,5A,C minor,0.762,
102739,Zuma Dionys,Light (Original Mix),100,1A,1179550352,ok,479828,Light,0,450,99.99,3.03,198.77,1A,Ab minor,0.875,1A,Ab minor,0.89,
176564,"Franco Smith, TimiR",Nasty,138,9B,2987839691,ok,479827,Nasty,0,197,137.97,3.41,136.0,6A,G minor,0.898,6A,G minor,0.837,
187601,Pixies,La La Love You,125,10B,945402,ok,479827,La La Love You,0,163,123.57,3.43,123.05,10B,D major,0.911,10A,B minor,0.651,
5964,Delilah,Journey,129,2B,3972144421,ok,479827,Journey,0,181,128.79,2.42,86.13,4B,Ab major,0.884,1A,Ab minor,0.765,
75126,Prince,When the Lights Go Down,125,9B,775307,ok,479827,When the Lights Go Down,123,431,125.51,3.48,123.05,9B,G major,0.819,8A,A minor,0.688,
13508,Somko,Rahu (Rodrigo Gallardo Remix),105,7A,4069585991,ok,479827,Rahu (Rodrigo Gallardo Remix),0,341,104.87,3.64,103.36,7A,D minor,0.964,7A,D minor,0.948,
70461,"Broken Minds, Tha Playah","The Witch Project - Broken Minds, Tha Playah",175,6A,679578722,ok,479827,The Witch Project,0,178,172.27,1.43,172.27,6A,G minor,0.947,6A,G minor,0.925,
85013,The Pointer Sisters,Yes We Can Can,87,5A,396453012,ok,479827,Yes We Can Can,176.68,362,87.98,3.42,172.27,8B,C major,0.914,5A,C minor,0.827,
75489,Nicolas Viana,Strange Dancer (Extended Mix),125,4A,4054387571,ok,479827,Strange Dancer,0,246,125.08,3.85,123.05,4A,F minor,0.953,4A,F minor,0.946,
20002,Phuture,Phuture Jacks,121,7A,1600909282,ok,479827,Phuture Jacks,0,299,120.76,3.79,123.05,3A,Bb minor,0.549,2A,Eb minor,0.514,
89465,Vanille,No Move,144,3A,3093403671,ok,480245,No Move,0,271,143.93,2.58,143.55,3A,Bb minor,0.739,3A,Bb minor,0.755,
23533,Jorge Ben,Brother,85,1A,529383871,ok,479827,Take It Easy My Brother Charles,169.44,156,85.31,2.14,172.27,1A,Ab minor,0.754,1A,Ab minor,0.743,
60488,"Tektonauts, Armandd G",Muevela,124,7A,3293522251,ok,479827,Muevela,0,280,123.81,3.47,123.05,4A,F minor,0.606,4A,F minor,0.667,
4799,AstroHertz,Miracle,130,10A,3892910191,ok,479827,Miracle,0,179,130.05,3.36,129.2,10A,B minor,0.927,10A,B minor,0.951,
14083,Kölsch,Zig,124,8B,68788688,ok,479827,Zig,124.2,356,124.08,3.32,123.05,8B,C major,0.82,8A,A minor,0.704,
131645,Hood,The Light Reveals The Place,91,5B,4642832,ok,479827,The Light Reveals The Place,89.3,419,130.56,0.42,92.29,5A,C minor,0.799,5A,C minor,0.853,
160003,"Yamagucci, Adam Ten",Desert Fantasy,125,3B,3129955661,ok,479827,Desert Fantasy,0,338,124.97,3.75,123.05,12A,C# minor,0.791,12A,C# minor,0.835,
149782,Daniel Levak,Off My Mind (Extended Mix),128,6A,2133175327,ok,479827,Off My Mind (Extended Mix),0,393,128.01,3.79,129.2,6A,G minor,0.889,6A,G minor,0.815,
75438,KUSS,The Power of Dreams,142,1A,3328799341,ok,479827,The Power of Dreams,0,307,142.04,3.81,143.55,1A,Ab minor,0.85,1A,Ab minor,0.853,
153634,"Kanye West, Gucci Mane, Big Sean, 2 Chainz, Travis Scott, Yo Gotti, Quavo, Desiigner",Champions,135,11A,126587209,ok,479827,Champions,135.11,333,133.85,1.62,136.0,11A,F# minor,0.859,11A,F# minor,0.857,
230664,Michigan & Smiley,"Diseases 12""",80,4B,6709705,ok,479827,"Diseases 12""",158.4,475,161.5,3.04,161.5,4B,Ab major,0.82,1A,Ab minor,0.773,
104153,Nídia,É COMO?,130,7A,2445414215,ok,479827,É COMO?,0,252,129.95,3.6,129.2,6B,Bb major,0.714,7A,D minor,0.729,
2525,Todd Terry,Something Goin' On (InHouse Radio Edit),128,10A,62927006,ok,479827,Something Goin' On (InHouse Radio Edit),128,197,127.86,3.88,129.2,10A,B minor,0.843,10A,B minor,0.827,
114438,DESTIN CONRAD,DELUSIONAL,101,5A,3300065301,ok,479827,DELUSIONAL,0,118,68.0,1.12,184.57,5A,C minor,0.821,5A,C minor,0.832,
158369,Badawi,Tall King Dub,87,5B,1399552802,ok,479827,Tall King Dub,0,171,86.95,2.55,172.27,5B,Eb major,0.683,5A,C minor,0.589,
2092,Dennis Ferrer,Transitions,126,4B,71301804,ok,479827,Transitions,126,388,125.95,3.77,63.02,4B,Ab major,0.928,1A,Ab minor,0.849,
215283,Pablo Bolivar & Cajunn,Frosted (Cajunn Remix),120,9A,3803769492,ok,480245,Frosted (Cajunn Remix),0,411,120.04,3.29,117.45,9A,E minor,0.859,9A,E minor,0.903,
16216,"Shygirl, Kingdom, VTSS, Club Shy",f@k€ (VTSS remix),145,1A,2789447452,ok,479827,f@k€ (VTSS remix),0,247,150.07,3.49,152.0,7A,D minor,0.766,7A,D minor,0.732,
169893,Gowzer,After the Red Sky,123,9B,4023743901,ok,479827,After the Red Sky,0,461,123.1,4.85,123.05,6A,G minor,0.917,6A,G minor,0.86,
11976,Hector Couto,Hot Stuff,130,6A,3335639421,ok,479827,Hot Stuff,0,308,129.99,3.92,129.2,6A,G minor,0.821,6A,G minor,0.833,
151627,Dylab,Keep Your Body Hot,135,8A,2682424532,ok,479827,Keep Your Body Hot,0,483,135.0,3.26,136.0,8A,A minor,0.883,8A,A minor,0.88,
81820,Miles Davis,On the Corner / New York Girl / Thinkin' of One Thing and Doin' Another / Vote for Miles,115,5B,13211906,ok,479827,On the Corner / New York Girl / Thinkin' of One Thing and Doin' Another / Vote for Miles,115.2,1196,114.43,2.51,112.35,5A,C minor,0.837,5A,C minor,0.864,
148080,Geordie Greep,"Holy, Holy",144,9A,2991583551,ok,480245,"Holy, Holy",0,363,143.92,3.45,143.55,9A,E minor,0.85,9A,E minor,0.842,
134719,Giuseppe Biondo,No Body (Drastic Duo Remix),123,8A,127079289,ok,479827,No Body (Drastic Duo Remix),0,430,123.05,4.07,123.05,9A,E minor,0.532,9A,E minor,0.583,
67987,Savvas,Glimpse of the Past,123,3B,3988321561,ok,479827,Glimpse Of The Past (FSOE960),0,343,123.05,3.47,123.05,12A,C# minor,0.884,12A,C# minor,0.86,
59148,The Utopia Project,File #2,116,9A,3157139631,ok,479827,File #2 (Mixed),0,154,117.96,3.77,117.45,9A,E minor,0.716,9A,E minor,0.681,
217836,NYCO,Fortaleza,150,7B,3427050441,ok,479827,Fortaleza,0,246,149.89,2.03,99.38,4A,F minor,0.918,4A,F minor,0.887,
14605,Marco V,Panther,132,12B,3951799021,ok,479828,Panther,0,180,130.61,3.47,129.2,9A,E minor,0.859,9A,E minor,0.82,
66448,"AC Soul Symphony, Dave Lee",The Philly Avengers,91,5A,2422117305,ok,479827,The Philly Avengers,0,580,120.94,3.34,123.05,8B,C major,0.962,5A,C minor,0.8,
10396,Manuel Grandi,Nightlife,120,8A,1735794547,ok,479827,Nightlife,0,292,119.9,2.61,117.45,8A,A minor,0.848,8A,A minor,0.861,
32365,James Ruskin,Coda (2019 Remaster),138,6B,1736740807,ok,479827,Coda (2019 Remaster),0,287,137.57,3.49,136.0,7A,D minor,0.714,7A,D minor,0.713,
116857,Little Dragon,The Last,84,2A,11964034,ok,479827,The Last,168.1,191,83.75,3.2,83.35,2A,Eb minor,0.848,2A,Eb minor,0.864,
84250,Lucinda Williams,Words Fell (Album Version),107,6B,1180534,ok,479827,Words Fell (Album Version),105.5,254,103.44,0.58,172.27,6B,Bb major,0.891,3A,Bb minor,0.613,
227273,Alpha Tracks,Idomeneo,137,6A,888672132,ok,479827,Idomeneo,0,319,136.47,3.86,136.0,7B,F major,0.712,4A,F minor,0.733,
80668,"Peven Everett, Tony Touch",No Wonder (Yoruba Soul Radio Edit),122,2A,3573349791,ok,479827,No Wonder (Yoruba Soul Radio Edit),0,267,121.98,3.82,123.05,2B,F# major,0.72,2A,Eb minor,0.692,
44493,Broken Hill,Mutual Muse (Extended Mix),124,4B,3430876341,ok,479827,Mutual Muse,0,291,123.81,2.95,123.05,4B,Ab major,0.893,1A,Ab minor,0.718,
80505,Versalife,Shadow Warrior,84,9A,1197997882,ok,479827,Shadow Warrior,0,419,135.45,3.23,136.0,9A,E minor,0.741,9A,E minor,0.723,
33689,Da Kine,Just the way i feel,123,8A,1056683312,ok,479827,Just the way i feel,0,404,123.0,4.14,123.05,7B,F major,0.797,7A,D minor,0.766,
201926,Josh Butler,Chess,127,4A,2335531295,ok,480245,Chess,0,363,128.91,2.5,63.02,4A,F minor,0.913,4A,F minor,0.92,
46706,Pascal Mollin,The Elephant (Pan-Pot Remix),125,8B,45690861,ok,479827,The Elephant (Pan-Pot Remix),127.2,422,127.22,3.73,129.2,8B,C major,0.364,12A,C# minor,0.257,
223210,Ricardo Garduno,Mute Interaction - Jose Pouj Remix,128,4A,141062433,ok,479827,Mute Interaction (Jose Pouj Remix),128,382,128.01,3.94,129.2,3B,C# major,0.677,4A,F minor,0.61,
67002,"Iz, Diz",Mouth (Brad Peep's Remix For Friends),126,11A,9861467,ok,479827,Mouth (Brad Peep's Remix For Friends),126.4,434,126.58,3.62,83.35,11B,A major,0.72,11A,F# minor,0.707,
170796,Ivan Pogrebniak,Ashen Skies (Sound Fusion Remix),123,11A,3844384171,ok,479827,Ashen Skies (Sound Fusion Remix),0,469,123.05,4.08,123.05,2B,F# major,0.767,12A,C# minor,0.702,
86962,Björk,Big Time Sensuality (The Fluke Magimix),101,5B,2629727392,ok,479827,Big Time Sensuality (The Fluke Magimix),0,351,102.6,0.58,129.2,5B,Eb major,0.955,2A,Eb minor,0.764,
125629,great area,Rain,69,4A,3364947281,ok,479827,Rain,0,148,136.8,2.08,136.0,4A,F minor,0.89,4A,F minor,0.92,
157534,Polygonia,Grotte der Amphibien (Javier Marimon Off Toms),72,10A,1611603782,ok,479827,Grotte der Amphibien (Javier Marimon Off Toms),0,480,72.64,1.42,95.7,9B,G major,0.522,9A,E minor,0.427,
58982,Esmaeili,Ride or Die (Codenzi Remix),107,8B,3690180242,ok,479827,Ride or Die (Codenzi Remix),0,341,107.12,3.59,107.67,8B,C major,0.925,5A,C minor,0.799,
55152,Foncek,Crazy Holiday,155,3B,2849966572,ok,480245,Crazy Holiday,0,334,154.69,2.38,152.0,11B,A major,0.778,8A,A minor,0.631,
164171,DJ Swella,Movement,125,2A,3021081981,ok,479827,Movement,0,308,124.89,3.66,123.05,1A,Ab minor,0.863,1A,Ab minor,0.887,
179017,"DJ One Finger, Tim Taylor (Missile Records), Clemens Neufeld",House Fucker (Nils Hess and Nathan Coles Remix_2001),132,1A,2457538485,ok,479827,House Fucker (Nils Hess and Nathan Coles Remix_2001),0,439,131.84,3.81,129.2,11A,F# minor,0.849,11A,F# minor,0.797,
137951,Émanton,Novice-Ritual,125,9A,416857552,ok,479827,Novice-Ritual,0,366,125.02,3.58,123.05,8A,A minor,0.912,8A,A minor,0.852,
116934,Christian S,Do You Do (Sax Edit),118,9B,444298222,ok,479827,Do You Do (Sax Edit),118.12,286,117.46,3.29,117.45,9B,G major,0.924,6A,G minor,0.653,
202517,Woo York,Smoke Signal,127,4A,74864130,ok,479827,Smoke Signal,126.8,372,126.98,3.87,172.27,4A,F minor,0.616,4A,F minor,0.646,
179888,Capricorn,Love In London (Piano Mix),115,9A,2507970,ok,479827,Love In London (Piano Mix),124.9,455,124.85,3.7,123.05,9A,E minor,0.845,9A,E minor,0.833,
104168,Riley (UK),Not Tonight,128,7A,1934830957,ok,480245,Not Tonight,0,347,128.33,3.27,129.2,6A,G minor,0.95,6A,G minor,0.931,
82524,Masterstepz,Melody (Original 98 Mix),128,8A,392254642,ok,479827,Melody (Original 98 Mix),0,371,127.93,3.46,73.83,11B,A major,0.736,11A,F# minor,0.581,
11086,Glass Beams,Mahal,100,5B,2632017512,ok,479827,Mahal,0,201,100.31,2.39,198.77,5B,Eb major,0.804,2A,Eb minor,0.648,
3823,Luciid,Bunker Buster,155,6B,2673505052,ok,479827,Bunker Buster,0,343,153.56,3.11,152.0,10B,D major,0.509,8A,A minor,0.467,
165299,BitterSuite,Clav (Dub 1),123,6B,477651542,ok,479827,Clav (Dub 1),0,396,123.05,4.3,123.05,3A,Bb minor,0.876,3A,Bb minor,0.865,
46632,Caiphus Semenya,Angelina,112,7A,9437040,ok,479827,Angelina,117.8,349,118.16,3.67,117.45,3B,C# major,0.821,3A,Bb minor,0.648,
30037,Skrillex,oltage (see you again),150,8B,3657746562,ok,479827,voltage (see you again),0,200,150.14,2.99,152.0,8B,C major,0.838,6A,G minor,0.643,
141561,Kohra,Aănkh,138,7B,3625063572,ok,479827,Aănkh,0,459,138.08,3.76,136.0,7B,F major,0.781,4A,F minor,0.613,
56220,Alain Goraguer,L'ouvreuse Fait Son Cinéma (Cinema Test Mix),125,10A,2595396962,ok,479827,L'ouvreuse Fait Son Cinéma (Cinema Test Mix),0,245,124.79,3.16,123.05,10A,B minor,0.808,10A,B minor,0.841,
71265,Thievery Corporation,Exilio,113,8A,3826798531,ok,479827,Exilio,106,183,105.99,3.68,107.67,8A,A minor,0.887,8A,A minor,0.897,
108652,Peter Seiler,Tuya Hikes,104,9B,628868642,ok,479827,Tuya Hikes,0,162,100.64,3.23,99.38,7A,D minor,0.972,7A,D minor,0.964,
58647,Mathys Lenne,Influenza,73,6A,2113347277,ok,479827,Influenza,0,357,146.97,3.02,117.45,9B,G major,0.273,6A,G minor,0.223,
87096,Creative Arts Ensemble,Unity,84,6A,130141837,ok,479827,Unity,105.2,258,148.21,0.64,152.0,9B,G major,0.713,5A,C minor,0.601,
226151,Uzeyir Mehdizade,Yaxsi Olar,122,8A,2135781107,ok,479827,Yaxsi Olar,0,359,119.99,2.99,60.09,4A,F minor,0.844,4A,F minor,0.857,
59518,Eduardo de la Calle,Never Summertime Again (Re-Modelled Mix),122,10B,119223974,ok,479827,Never Summertime Again (Re-Modelled Mix),0,438,120.86,2.04,123.05,10B,D major,0.685,7A,D minor,0.693,
124087,UVB,Intolerance,133,6A,346064701,ok,479827,Intolerance,132.94,364,133.01,2.52,136.0,5A,C minor,0.848,5A,C minor,0.793,
214291,Hilit Kolet,Hot Mess (Even Hotter Mix),126,5B,2609437122,ok,479827,Hot Mess (Even Hotter Mix),0,358,126.03,3.76,123.05,1A,Ab minor,0.707,1A,Ab minor,0.658,
71546,Ruman,Trains in the Mountains,124,12B,3982369811,ok,479827,Trains in the Mountains,0,334,140.02,3.8,143.55,7B,F major,0.578,4A,F minor,0.483,
90789,Primal Code,Adansonia,103,6A,2266234457,ok,479827,Adansonia,0,370,162.46,1.82,161.5,6A,G minor,0.955,6A,G minor,0.92,
146813,MoonDoctoR,SHAKE IT,80,3A,784100192,ok,479827,SHAKE IT,0,240,161.61,1.25,161.5,4B,Ab major,0.715,1A,Ab minor,0.613,
76689,Malesa,Brujas,87,9A,2856835392,ok,479827,Brujas,0,267,139.44,0.51,136.0,9A,E minor,0.92,9A,E minor,0.893,
88474,"Woolfy, Projections",Walkaway (Fantastic Man's Atmospheric Dub) (Fantastic Man's Atmospheric Dub),113,10B,1752642807,ok,479827,Walkaway (Fantastic Man's Atmospheric Dub),0,389,113.27,3.41,112.35,7A,D minor,0.706,7A,D minor,0.669,
215419,Pearson Sound,Glass Eye,122,8A,95362244,ok,479827,Glass Eye,122,306,122.04,3.36,123.05,8A,A minor,0.63,8A,A minor,0.672,
223573,KØLPØS,Manipulación mental,135,8B,2651946582,ok,480245,Manipulación mental,0,384,135.05,3.81,136.0,7B,F major,0.431,4A,F minor,0.4,
105716,Serge Gainsbourg,Melody,156,9A,14404600,ok,479827,Ballade de Melody Nelson,89.7,120,178.21,1.36,89.1,11A,F# minor,0.966,11A,F# minor,0.967,
91046,MOI,MOI006 A,127,10B,142189629,ok,479827,MOI006 A,0,518,127.01,3.91,129.2,10B,D major,0.663,7A,D minor,0.632,
8300,"Sultan + Shepard, Elderbrook",I'll Be Here,122,8B,2674691412,ok,479827,I'll Be Here,0,292,121.98,3.71,123.05,8B,C major,0.873,8A,A minor,0.682,
12066,Dr. Alban,Sing Hallelujah! (Long),125,4A,3801341622,ok,479827,Sing Hallelujah! (Long),0,390,124.73,3.71,123.05,4A,F minor,0.724,4A,F minor,0.657,
176563,RooneyNasr,On A Mission,138,9B,3153462171,ok,479827,On A Mission (Original Mix),0,250,137.25,3.06,136.0,9B,G major,0.876,6A,G minor,0.79,
193856,GSSG,Cladonia Stellaris,95,7B,3135491151,ok,479827,Cladonia Stellaris,0,338,126.69,3.98,129.2,7B,F major,0.787,4A,F minor,0.673,
186856,Public Symphony,Wings (Instrumental),124,4A,1843196957,ok,480245,Wings (Instrumental),0,195,141.18,0.33,117.45,4A,F minor,0.862,4A,F minor,0.871,
148043,Dottie West,Are You Happy Baby?,114,12B,627424142,ok,479827,Are You Happy Baby?,0,209,83.56,3.88,83.35,1B,B major,0.828,11A,F# minor,0.655,
108741,Fluke,Mosh,110,10B,3134004,ok,479827,Mosh,110,381,109.87,3.67,112.35,10B,D major,0.861,7A,D minor,0.684,
92,Vales,The Funk,126,5A,3822695781,ok,479827,The Funk,0,237,62.94,3.19,63.02,3A,Bb minor,0.759,3A,Bb minor,0.767,
36726,Dialog,Only If You Know (Version),66,5A,3896609331,ok,479828,Only If You Know (Version),0,349,131.99,3.28,129.2,5A,C minor,0.942,5A,C minor,0.969,
116297,"DJ Chus, Cevin Fisher",Everytime I Try (Extended Mix),123,6A,3466234001,ok,479827,Everytime I Try (Extended Mix),0,407,124.98,3.27,123.05,1A,Ab minor,0.458,1A,Ab minor,0.403,
33515,Jas,Dirty Carnival Music,132,8B,11667121,ok,479827,Dirty Carnival Music,0,570,131.86,3.36,129.2,8B,C major,0.924,5A,C minor,0.81,
35945,VC-People,Dance Macabre (Suite Version),119,9B,773904002,ok,479827,Dance Macabre (Suite Version),0,285,118.72,3.13,117.45,6A,G minor,0.936,6A,G minor,0.909,
126451,Bronski Beat,I Feel Love / Johnny Remember Me (Remastered),139,8A,428735842,ok,479827,I Feel Love / Johnny Remember Me,0,348,110.8,3.4,99.38,9B,G major,0.679,8A,A minor,0.645,
139098,Avicii,Waiting For Love (Carnage & Headhunterz Remix),128,11A,103598034,ok,479827,Waiting For Love (Carnage & Headhunterz Remix),128,292,128.07,2.97,129.2,11A,F# minor,0.901,11A,F# minor,0.903,
112443,AMMIL,Rock the Disco (Radio Edit),131,10A,3893573201,ok,479827,Rock the Disco (Radio Edit),0,251,131.07,3.66,129.2,6A,G minor,0.945,6A,G minor,0.91,
76003,"Dubfire, Flug",Friction,140,3A,2972818801,ok,479827,Friction,0,387,139.97,2.95,112.35,4A,F minor,0.846,4A,F minor,0.773,
31982,Huerco S.,Plonk VI,124,5A,4021077411,ok,479827,Plonk VI,0,564,122.68,0.73,123.05,5A,C minor,0.807,5A,C minor,0.839,
175505,Bart Skils,For Your Eyes,126,3B,2255111487,ok,479827,For Your Eyes,0,465,125.96,3.78,123.05,3B,C# major,0.879,12A,C# minor,0.687,
219367,Dillon,Tip Tapping,135,8A,486399812,ok,479827,Tip Tapping,134.67,186,134.87,2.06,136.0,8A,A minor,0.846,8A,A minor,0.89,
132694,evilgiane,Slow Month,75,5A,4053489201,ok,479827,Slow Month,0,142,149.95,1.4,99.38,5A,C minor,0.944,5A,C minor,0.948,
181935,Akkord,3Dos,65,5A,3118331561,ok,480245,3Dos,0,340,129.95,3.65,129.2,12B,E major,0.751,9A,E minor,0.541,
144170,BLOND:ISH,Call My Name (Extended Mix),124,8A,3422829101,ok,479827,Call My Name (Extended Mix),0,302,123.96,2.47,123.05,8A,A minor,0.944,8A,A minor,0.933,
27120,The Flamingos,Only Have Eyes for You,89,8B,140044655,ok,479827,I Only Have Eyes for You,178.21,202,178.21,1.26,184.57,8B,C major,0.928,5A,C minor,0.784,
89090,Alix Perez,Evil Twin,141,10B,3804881792,ok,479827,Evil Twin,0,283,139.63,1.7,92.29,7A,D minor,0.82,7A,D minor,0.741,
116349,The Ballroom,"Baby, Please Don't Go",102,11B,131340012,ok,479827,"Baby, Please Don't Go",0,189,101.52,3.56,103.36,8A,A minor,0.894,8A,A minor,0.87,
31430,Gamma Intel,Panthera Leo,66,9B,2198570097,ok,479827,Panthera Leo,0,391,133.14,2.8,89.1,10B,D major,0.823,6A,G minor,0.645,
114408,Ziak,CATWALK,71,4A,4001040691,ok,479827,CATWALK,0,201,68.66,1.98,69.84,12A,C# minor,0.881,12A,C# minor,0.858,
110943,Kolombo,I Control The Night (Extended Mix),125,8B,3350155391,ok,479827,I Control The Night (Extended Mix),0,385,124.49,3.9,123.05,8A,A minor,0.917,8A,A minor,0.911,
41670,Kepler,Confusion,133,12B,2344410845,ok,479827,Confusion,0,360,133.07,3.37,89.1,9A,E minor,0.774,9A,E minor,0.711,
242508,Wollion,The Reminder (Extended Mix),128,8A,4097166921,ok,479827,The Reminder (Extended Mix),0,391,127.51,2.88,129.2,7A,D minor,0.796,7A,D minor,0.773,
227772,The Stooges,Ann (2019 Remaster),102,12A,797508712,ok,479827,Ann (2019 Remaster),0,180,100.99,2.98,99.38,12A,C# minor,0.531,12A,C# minor,0.458,
23299,Fasme,Crying Robot,132,9B,3345286751,ok,479827,Crying Robot,0,324,132.01,2.39,129.2,9B,G major,0.879,6A,G minor,0.719,
148579,Michel Lauriola,Hollow,93,7B,3296014171,ok,480245,Hollow,0,76,129.96,0.35,107.67,7B,F major,0.809,4A,F minor,0.702,
99256,Motorcycle,As the Rush Comes (Gabriel & Dresden Sweeping Strings Mix),135,10A,601827062,ok,479827,As the Rush Comes (Gabriel & Dresden Sweeping Strings Mix),135.55,403,135.68,3.14,136.0,10A,B minor,0.746,10A,B minor,0.767,
58604,Mathys Lenne,Basic Instinct,134,5A,3230453271,ok,479827,Basic Instinct,0,404,134.07,3.5,136.0,4B,Ab major,0.519,1A,Ab minor,0.511,
86373,Nick John,We Stand Together,130,2A,4030247841,ok,479827,We Stand Together,0,399,129.01,2.1,129.2,2B,F# major,0.791,2A,Eb minor,0.834,
196039,Stand High Patrol,Too Much Noise,122,9A,3938681091,ok,479827,Too Much Noise,0,232,122.04,2.71,161.5,9A,E minor,0.908,9A,E minor,0.903,
90239,Audio Units,Frame Dragging,141,4A,2517004231,ok,480245,Frame Dragging,0,386,141.08,3.84,143.55,8B,C major,0.576,5A,C minor,0.445,
239831,Survival Paradox,Involuntary Memory Downlink,141,7B,3627816272,ok,479827,Involuntary Memory Downlink,0,422,129.99,3.65,129.2,4A,F minor,0.637,4A,F minor,0.55,
60863,"Cosey Fanni Tutti, Daphne Oram",Tributum,90,5B,3571290381,ok,479827,Tributum,0,213,129.94,1.82,86.13,8B,C major,0.742,5A,C minor,0.63,
180019,Günter Schickert,Apricot Brandy II,90,12B,493287002,ok,479827,Apricot Brandy II,0,780,124.02,1.32,123.05,7B,F major,0.715,4A,F minor,0.59,
161647,Genius of Time featuring Matinda,Kinetic,124,6A,3188114191,ok,479827,Kinetic,0,325,124.0,3.73,123.05,7B,F major,0.701,4A,F minor,0.695,
206888,"Gordo, Nicki Nicole, Sech",Cafecito,121,4A,2822438172,ok,479827,Cafecito,0,155,121.65,3.44,123.05,4B,Ab major,0.802,4A,F minor,0.783,
132064,Buffalo,Intro: Pound Of Flesh,129,9A,81292464,ok,479827,Intro: Pound Of Flesh,131.2,273,130.77,3.22,129.2,9A,E minor,0.898,9A,E minor,0.898,
154597,Meggy Mac,Cookie Dough,126,6A,3945544011,ok,479827,Cookie Dough,0,337,125.9,3.61,129.2,6A,G minor,0.784,6A,G minor,0.855,
142792,Zopelar,Night Rider (Felipe Gordon Remix),126,4A,3850996651,ok,480245,Night Rider (Felipe Gordon Remix),0,305,126.01,2.84,123.05,4A,F minor,0.707,4A,F minor,0.665,
66021,Alume,Twu'a Ta,120,12A,675289622,ok,479827,Twu'a Ta,0,472,119.89,3.72,117.45,12B,E major,0.818,9A,E minor,0.594,
116925,Brian Eno,Here Come The Warm Jets (2004 Digital Remaster),66,5B,3093654,ok,479827,Here Come The Warm Jets (2004 Digital Remaster),128.4,242,128.22,0.65,129.2,6B,Bb major,0.847,3A,Bb minor,0.663,
30321,Trellion,Me Again,75,12B,1353760802,ok,479827,Me Again,0,128,150.14,2.96,152.0,1B,B major,0.703,10A,B minor,0.593,
181536,X CLUB.,1000 FACES,141,12B,2832118872,ok,479827,1000 FACES,0,354,141.02,2.87,143.55,4A,F minor,0.747,4A,F minor,0.745,
186299,DJ K,Beat Distorce Mente,84,11A,2317209505,ok,479827,Beat Distorce Mente,0,140,135.08,1.35,89.1,7A,D minor,0.654,7A,D minor,0.539,
109,KI/KI,Going Existential In The Rave,148,11B,4032297641,ok,479827,Going Existential In The Rave,0,187,147.8,1.43,99.38,8A,A minor,0.887,8A,A minor,0.854,
87431,Roska,Without It (Remastered),128,6A,1456325822,ok,479827,Without It (Remastered),0,420,127.98,1.91,172.27,6A,G minor,0.749,6A,G minor,0.707,
206557,"Raffa Fl, Sam Green",Rakata,127,8A,2669125902,ok,479827,Rakata,0,159,127.07,2.63,129.2,8A,A minor,0.921,8A,A minor,0.927,
197588,William Arist,Do You Know How To Read?,127,8A,2206862317,ok,479827,Do You Know How To Read?,0,396,127.06,3.73,129.2,9B,G major,0.767,6A,G minor,0.594,
148827,Danell Dixon,Dance Dance (Satoshi Fumi Re-edit of DJ Pierre Remix),125,2A,2635251612,ok,479827,Dance Dance (Satoshi Fumi Re-edit of DJ Pierre Remix),0,554,125.0,3.33,83.35,1A,Ab minor,0.806,1A,Ab minor,0.865,
239656,Burnski,The Way,127,10A,2103384837,ok,479827,The Way,0,348,126.76,3.61,129.2,9A,E minor,0.885,9A,E minor,0.885,
175399,Patrick Siech & Sandra Mosh,Synchrony,140,6B,1457432272,ok,480245,Synchrony,0,332,140.08,3.58,112.35,3A,Bb minor,0.896,3A,Bb minor,0.891,
134392,Thomass Jackson,Here We Go,125,7B,3408841851,ok,479827,Here We Go,0,342,125.1,3.8,123.05,7B,F major,0.881,4A,F minor,0.715,
75165,giacca. & Flores [US],New Monday (Extended Mix),122,10B,105499442,ok,479827,New Monday (Extended Mix),0,351,121.99,3.85,123.05,7A,D minor,0.891,7A,D minor,0.868,
120258,Kassel Jaeger,Carcosan Cycles,102,9A,3057947561,ok,479827,Carcosan Cycles,0,512,130.47,0.39,0.0,9B,G major,0.664,9A,E minor,0.496,
19152,Chinaski,Fun House,127,8A,1644265532,ok,479827,Fun House,0,306,128.64,3.21,129.2,8A,A minor,0.793,8A,A minor,0.769,
159000,Nelson of the East,Night Frames,122,7A,500701402,ok,479827,Night Frames,0,382,122.29,2.94,123.05,7A,D minor,0.804,7A,D minor,0.831,
181232,"Kassel Jaeger, Jim O'Rourke",In Cobalt Aura Sleeps 2,130,8B,3256953171,ok,479827,In Cobalt Aura Sleeps 2,0,1300,137.84,0.28,143.55,8B,C major,0.833,5A,C minor,0.689,
226377,John Lee Hooker,Real Real Gone,125,2B,1122826932,ok,479827,Real Real Gone,101.6,144,172.27,0.44,198.77,10A,B minor,0.721,11A,F# minor,0.626,
98779,Matara,Strike Mode,130,3B,3962515961,ok,480245,Strike Mode,0,192,129.58,2.54,129.2,3B,C# major,0.583,12A,C# minor,0.468,
42188,EQD,Eqd#003a,162,6A,486371522,ok,479827,Eqd#003a,0,444,129.2,3.76,129.2,4A,F minor,0.587,4A,F minor,0.587,
98637,NIKEN,Chapter Two,128,3A,3602870202,ok,479827,Chapter Two,0,346,127.97,2.99,86.13,2A,Eb minor,0.91,2A,Eb minor,0.885,
114114,Proxima,Trapped,140,12A,3187282801,ok,479827,Trapped,0,226,139.54,2.83,143.55,12B,E major,0.932,9A,E minor,0.683,
219068,Roi,Faith And Oath,135,8B,3819594061,ok,479827,Faith And Oath,0,305,135.09,3.52,136.0,5A,C minor,0.751,5A,C minor,0.679,
3459,Interstate,I Found You,133,12A,5958872,ok,479827,I Found You,132.9,498,132.12,0.68,136.0,12A,C# minor,0.912,12A,C# minor,0.923,
205628,Saumon,Thanatos,126,9B,3140769021,ok,479827,Thanatos,0,453,163.69,3.05,83.35,9B,G major,0.675,7A,D minor,0.625,
179871,Aphex Twin,Yellow Calx,83,12B,29372821,ok,479827,Yellow Calx,166.7,184,110.92,1.72,112.35,9A,E minor,0.757,10A,B minor,0.726,
153886,"Kinky Movement, Mikey V",Raise It Up (Animist Remix),125,5A,1037093622,ok,479827,Raise It Up (Animist Remix),0,339,124.93,3.79,123.05,8B,C major,0.589,8A,A minor,0.449,
96899,Cabaret Voltaire,Moscow (Remastered),159,10B,76558374,ok,479827,Moscow (Remastered),0,327,100.43,0.71,99.38,10B,D major,0.853,7A,D minor,0.676,
232502,"Ragie Ban, Royal Cinema",Rebels (feat. Royal Cinema),128,6A,3450926631,ok,479827,Rebels (feat. Royal Cinema),0,248,128.43,2.5,129.2,6A,G minor,0.902,6A,G minor,0.936,
55093,Boris S.,303 Dark Angels,155,10A,871685132,ok,479827,303 Dark Angels,0,396,154.97,2.76,103.36,10A,B minor,0.734,10A,B minor,0.674,
160511,"The Deepshakerz, Kid Enigma",Escape (Original Mix),126,10A,2995103081,ok,479827,Escape (Original Mix),0,124,126.01,3.69,123.05,10A,B minor,0.87,10A,B minor,0.867,
193392,Formule Express,Apple Pie,124,7A,474539752,ok,479827,Apple Pie,0,343,124.0,3.67,123.05,7B,F major,0.819,7A,D minor,0.799,
64538,Duncan Thomas,FLIX 1000,128,7B,3880346431,ok,479827,FLIX 1000,0,407,64.09,2.12,86.13,7B,F major,0.91,4A,F minor,0.866,
193804,"Fhase 87, Synthlab Records",Human Theory,142,10A,3033930781,ok,479827,Human Theory,0,298,142.07,3.73,143.55,8B,C major,0.614,5A,C minor,0.497,
172927,NØNE,SEqMOd,141,5A,3316729001,ok,479827,SEqMOd,0,321,140.97,3.84,143.55,6A,G minor,0.612,6A,G minor,0.582,
164977,SHY FX,This Style,85,11B,432425352,ok,479827,This Style,84.89,334,172.27,2.52,86.13,6A,G minor,0.579,6A,G minor,0.593,
19099,Together,Hardcore Uproar,122,8A,2064815927,ok,479827,Hardcore Uproar,0,392,121.4,3.8,161.5,8A,A minor,0.897,8A,A minor,0.886,
213988,Eric Cloutier,Sciamachy (Original MIx),127,10A,1567923472,ok,479827,Sciamachy (Original MIx),0,384,127.91,3.83,129.2,9B,G major,0.84,6A,G minor,0.758,
81966,Gary Caos vs. Rico Bernasconi feat. In-Grid,La Trompette (Radio Edit),128,7A,721305252,ok,479827,La Trompette (Caos Radio Edit),128,199,128.71,1.67,129.2,10B,D major,0.867,7A,D minor,0.781,
151757,Uncertain,Courage,142,1A,2654359492,ok,480245,Courage,0,290,141.88,2.98,143.55,1A,Ab minor,0.825,1A,Ab minor,0.795,
155954,David Bowie,1984 (2016 Remaster),117,7A,141819829,ok,479827,1984 (2016 Remaster),0,207,117.72,2.95,117.45,7A,D minor,0.874,7A,D minor,0.894,
108928,Tobias Lueke,Elements,130,11B,750793572,ok,479827,Elements,0,351,130.04,3.88,129.2,3B,C# major,0.515,4A,F minor,0.546,
64656,Plan B,¿por Que Te Demoras?,96,7A,3343944461,ok,479827,¿por Que Te Demoras?,0,190,95.99,3.91,95.7,8A,A minor,0.867,8A,A minor,0.83,
194360,Florian Gasperini,Liminal,125,9B,4086341291,ok,479827,Liminal,0,449,125.06,4.0,123.05,6A,G minor,0.961,6A,G minor,0.936,
124470,Cold Blue,White Lights (Extended Mix),138,8A,3601675912,ok,479827,White Lights (Extended Mix),0,570,138.12,3.8,136.0,8A,A minor,0.932,8A,A minor,0.885,
169539,Marco Ferrantelli,Cheloniidae,95,4A,3784245792,ok,479827,Cheloniidae,0,483,126.67,3.79,129.2,4A,F minor,0.946,4A,F minor,0.944,
201201,Sparrow & Barbossa,Azucar (Band&Dos Remix),124,4A,1842073257,ok,479827,Azucar (Band&Dos Remix),0,237,123.98,3.87,123.05,4A,F minor,0.866,4A,F minor,0.809,
184221,DJ co.kr,Skankin (feat. Killa P),101,7A,4059995201,ok,479827,Skankin,0,232,134.91,2.26,89.1,10B,D major,0.676,8A,A minor,0.616,
203837,Tensen Park,Roll4Ever,116,11A,3991367671,ok,479827,Roll4Ever,0,253,116.82,1.9,117.45,11A,F# minor,0.784,11A,F# minor,0.783,
98720,Tech D,Personality,122,7A,3416250821,ok,479827,Personality,0,409,122.03,3.98,123.05,7A,D minor,0.966,7A,D minor,0.933,
217198,Rotterdam Remix Project,Loving You (X Rated Mix),123,11A,2952805391,ok,479827,Loving You (X Rated Mix),0,282,81.44,0.62,83.35,11B,A major,0.825,11A,F# minor,0.589,
30385,Castion,Boys Go Loco (Extended Mix),129,9A,3851915151,ok,480245,Boys Go Loco (Extended Mix),0,389,128.87,4.05,129.2,1A,Ab minor,0.65,1A,Ab minor,0.629,
188727,Drug Store Romeos,Now You're Moving,96,2A,764601172,ok,479827,Now You're Moving,0,157,95.76,2.75,129.2,2A,Eb minor,0.904,2A,Eb minor,0.873,
4840,Juliet Mendoza,So Good,125,11A,3922649561,ok,1439879,So Good,0,332,123.65,2.57,123.05,11A,F# minor,0.794,11A,F# minor,0.836,
215912,Morry,Fatamorgana,120,9B,3041908391,ok,479827,Fatamorgana,0,142,119.94,2.45,161.5,6A,G minor,0.941,6A,G minor,0.917,
59039,Body Ocean,Red Flags,123,11B,1103794792,ok,479827,Red Flags,0,280,122.9,3.56,123.05,7A,D minor,0.907,7A,D minor,0.851,
184471,Alpha Tracks,Double Exposure,118,4B,1468596392,ok,479827,Double Exposure,0,430,154.09,1.03,152.0,4B,Ab major,0.874,1A,Ab minor,0.759,
120911,Barry White,"Never, Never Gonna Give Ya Up",85,7A,540138242,ok,479827,"Never, Never Gonna Give Ya Up (Long Version)",168.75,287,166.51,3.01,83.35,7A,D minor,0.85,7A,D minor,0.842,
183287,"DJ Red Alert, Mike Slammer",In Effect (DJ Slipmatt Remix),158,4A,1269290872,ok,479827,In Effect (DJ Slipmatt Remix),0,328,80.16,2.87,107.67,5A,C minor,0.602,5A,C minor,0.625,
6356,Born To Funk,Souma Bana (Main Mix),128,3A,3157145501,ok,479827,Souma Bana (Main Mix),0,602,128.1,3.78,129.2,3A,Bb minor,0.752,4A,F minor,0.77,
85717,Machinedrum,BL0000M,136,2B,3985469701,ok,479827,BL0000M,0,327,136.01,3.54,136.0,2A,Eb minor,0.846,2A,Eb minor,0.887,
169338,B Jack$,Hottie,126,10A,3808790122,ok,479827,Hottie,0,201,125.96,2.48,129.2,2B,F# major,0.394,11A,F# minor,0.345,
108824,Orquesta De Las Nubes,Parte II,114,1B,1303485,ok,479827,Parte II,110.8,324,116.68,0.38,172.27,5A,C minor,0.482,5A,C minor,0.537,
167463,Suzanne Kraft,Scripted Space,89,7B,137529311,ok,479827,Scripted Space,178.21,396,172.27,1.23,172.27,4A,F minor,0.941,4A,F minor,0.909,
168632,JLTZ,Frenesia,130,5B,1499345452,ok,480245,Frenesia,0,370,129.71,3.12,129.2,4B,Ab major,0.408,7A,D minor,0.309,
200450,Psymon Spine,Jumprope (Love Injection Euphoric Mix),119,8A,1618347362,ok,479827,Jumprope (Love Injection Euphoric Mix),0,454,119.01,3.88,117.45,10A,B minor,0.9,10A,B minor,0.847,
184289,Lucas Boston,Sweat on The Walls,143,10A,4109034431,ok,479827,Sweat on The Walls,0,325,143.06,3.41,143.55,2B,F# major,0.772,11A,F# minor,0.661,
34622,Inner City,Big Fun (DJ PP & Jerome Robins Extended Remix),125,2A,2351897565,ok,480245,Big Fun (DJ PP & Jerome Robins Extended Remix),124.9,394,124.9,3.83,123.05,4B,Ab major,0.861,2A,Eb minor,0.829,
74876,Fille,Time is a Circle (Sestrica Remix),83,8B,3185813601,ok,479827,Time is a Circle (Sestrica Remix),0,253,132.0,2.81,129.2,5A,C minor,0.871,5A,C minor,0.853,
16214,Speed89,Battle For The Mind (Extended Mix),155,7B,3649618712,ok,479827,Battle For The Mind,0,184,153.92,2.9,152.0,7B,F major,0.904,4A,F minor,0.753,
213672,Kelis,Milkshake 20 (Alex Wann Remix),118,7A,3804157712,ok,479827,Milkshake 20 (Alex Wann Remix),0,176,117.85,2.2,117.45,7A,D minor,0.877,7A,D minor,0.88,
5163,Unsho,topmodel,133,9A,3766987852,ok,479828,topmodel,0,234,133.03,2.8,89.1,9A,E minor,0.685,9A,E minor,0.74,
9085,Instant Funk,(Just Because) You'll Be Mine (A Shep Pettibone Mix),115,9B,3725751962,ok,479827,(Just Because) You'll Be Mine (A Shep Pettibone Mix),0,354,114.48,3.57,117.45,8A,A minor,0.819,8A,A minor,0.858,
214749,Sascha Funke,E-Plus,128,5A,1868778287,ok,479827,E-Plus,0,348,128.03,2.84,129.2,2B,F# major,0.445,11A,F# minor,0.348,
82770,Diana Ross,Brown Baby/Save The Children,91,5A,5467522,ok,479827,Brown Baby/Save The Children,94.4,501,92.99,2.48,92.29,5A,C minor,0.827,5A,C minor,0.833,
79,X & Ivy,Broken Jam,133,7A,3842857381,ok,479827,Broken Jam,0,210,133.01,3.66,89.1,7A,D minor,0.709,7A,D minor,0.676,
1313,Cassius,The Sound of Violence (Cosmo Vitelli),120,1A,120536256,ok,479827,The Sound of Violence (Cosmo Vitelli),119.84,312,118.52,3.43,123.05,1A,Ab minor,0.947,1A,Ab minor,0.975,
55274,Dropa,Release Me (Original Mix),126,7B,3610991752,ok,479827,Release Me (Original Mix),0,419,126.05,3.87,123.05,7B,F major,0.94,4A,F minor,0.802,
94089,beatsbyhand,Trick Me (Atmos Blaq Remix),120,1A,3910996921,ok,479827,Trick Me (Atmos Blaq Remix),0,416,120.0,3.45,95.7,4B,Ab major,0.906,1A,Ab minor,0.824,
53626,DJ Life,Biohazard,132,6A,3577969481,ok,479827,Biohazard,0,454,132.01,3.81,129.2,5A,C minor,0.761,5A,C minor,0.761,
86388,Step by Step,I Always Wanted To Be In The Band,122,11B,3588337981,ok,479827,I Always Wanted to Be in the Band,0,280,122.46,2.64,123.05,11B,A major,0.816,10A,B minor,0.776,
10532,Maask,Selco Pigeons,138,5A,4002076361,ok,479827,Selco Pigeons,0,277,184.57,1.02,92.29,5A,C minor,0.874,5A,C minor,0.859,
170255,Fabio King,Special Love,130,11A,56951441,ok,479827,Special Love,0,374,129.21,3.63,129.2,4B,Ab major,0.635,1A,Ab minor,0.581,
226949,The Frightnrs,Sharon,135,10A,103997948,ok,479827,Sharon,0,231,135.17,3.23,136.0,9A,E minor,0.85,9A,E minor,0.825,
96601,Chaka Khan,Like Sugar,107,10B,630799822,ok,479827,Like Sugar,107.11,239,107.15,2.96,107.67,7A,D minor,0.958,7A,D minor,0.925,
194706,Sentin,With You,121,7A,3733715072,ok,480245,With You,0,232,121.06,3.82,123.05,7A,D minor,0.915,7A,D minor,0.903,
88123,R-010,Comba,142,6A,2532111921,ok,479827,Comba,0,354,142.09,3.68,143.55,2B,F# major,0.418,1A,Ab minor,0.308,
